Drug,CD,DL_label,z_bin,Coformer,Category,logP,K_binary,K_ternary,K_ratio,ddG_kJmol,calib_valid,model,usable,usable_note
Naproxen,α-CD,Fuzzy-Weak,0.9385,Nicotinamide,hydrotrope,0.18,288.8,1315.7,4.56,-3.76,True,descriptor,True,"OK — Fuzzy Zone, ternary estimate valid"
Naproxen,α-CD,Fuzzy-Weak,0.9385,Succinic acid,organic acid,-0.064,288.8,1291.1,4.47,-3.71,True,descriptor,True,"OK — Fuzzy Zone, ternary estimate valid"
Naproxen,α-CD,Fuzzy-Weak,0.9385,L-Proline,amino acid,-0.177,288.8,1279.9,4.43,-3.69,True,descriptor,True,"OK — Fuzzy Zone, ternary estimate valid"
Naproxen,α-CD,Fuzzy-Weak,0.9385,L-Lysine,amino acid,-0.473,288.8,1251.1,4.33,-3.63,True,descriptor,True,"OK — Fuzzy Zone, ternary estimate valid"
Naproxen,α-CD,Fuzzy-Weak,0.9385,L-Histidine,amino acid,-0.636,288.8,1235.4,4.28,-3.6,True,descriptor,True,"OK — Fuzzy Zone, ternary estimate valid"
Naproxen,α-CD,Fuzzy-Weak,0.9385,Glycine,amino acid,-0.97,288.8,1203.9,4.17,-3.54,True,descriptor,True,"OK — Fuzzy Zone, ternary estimate valid"
Naproxen,α-CD,Fuzzy-Weak,0.9385,Urea,hydrotrope,-0.976,288.8,1203.4,4.17,-3.54,True,descriptor,True,"OK — Fuzzy Zone, ternary estimate valid"
Naproxen,α-CD,Fuzzy-Weak,0.9385,Caffeine,hydrotrope,-1.029,288.8,1198.5,4.15,-3.53,True,descriptor,True,"OK — Fuzzy Zone, ternary estimate valid"
Naproxen,α-CD,Fuzzy-Weak,0.9385,L-Arginine,amino acid,-1.338,288.8,1170.2,4.05,-3.47,True,descriptor,True,"OK — Fuzzy Zone, ternary estimate valid"
Naproxen,α-CD,Fuzzy-Weak,0.9385,L-Glutamine,amino acid,-1.336,288.8,1170.4,4.05,-3.47,True,descriptor,True,"OK — Fuzzy Zone, ternary estimate valid"
Naproxen,α-CD,Fuzzy-Weak,0.9385,Triethanolamine,amine,-1.735,288.8,1135.0,3.93,-3.39,True,descriptor,True,"OK — Fuzzy Zone, ternary estimate valid"
Naproxen,α-CD,Fuzzy-Weak,0.9385,Citric acid,organic acid,-1.888,288.8,1121.7,3.88,-3.36,True,descriptor,True,"OK — Fuzzy Zone, ternary estimate valid"
Naproxen,α-CD,Fuzzy-Weak,0.9385,Tartaric acid,organic acid,-2.123,288.8,1101.5,3.81,-3.32,True,descriptor,True,"OK — Fuzzy Zone, ternary estimate valid"
Naproxen,α-CD,Fuzzy-Weak,0.9385,Tromethamine,buffer amine,-2.339,288.8,1083.3,3.75,-3.28,True,descriptor,True,"OK — Fuzzy Zone, ternary estimate valid"
Naproxen,α-CD,Fuzzy-Weak,0.9385,Meglumine,sugar amine,-3.619,288.8,981.4,3.4,-3.03,True,descriptor,True,"OK — Fuzzy Zone, ternary estimate valid"
Naproxen,α-CD,Fuzzy-Weak,0.9385,HPMC E5,polymer,polymer,288.8,1181.0,4.09,-3.49,True,constant,True,"OK — Fuzzy Zone, ternary estimate valid"
Naproxen,α-CD,Fuzzy-Weak,0.9385,HPMC K15M,polymer,polymer,288.8,1181.0,4.09,-3.49,True,constant,True,"OK — Fuzzy Zone, ternary estimate valid"
Naproxen,α-CD,Fuzzy-Weak,0.9385,PVP K30,polymer,polymer,288.8,1181.0,4.09,-3.49,True,constant,True,"OK — Fuzzy Zone, ternary estimate valid"
Naproxen,α-CD,Fuzzy-Weak,0.9385,PEG 4000,polymer,polymer,288.8,1181.0,4.09,-3.49,True,constant,True,"OK — Fuzzy Zone, ternary estimate valid"
Naproxen,α-CD,Fuzzy-Weak,0.9385,Poloxamer 188,polymer,polymer,288.8,1181.0,4.09,-3.49,True,constant,True,"OK — Fuzzy Zone, ternary estimate valid"
Naproxen,β-CD,Fuzzy-Weak,0.8355,Nicotinamide,hydrotrope,0.18,356.3,1623.6,4.56,-3.76,True,descriptor,True,"OK — Fuzzy Zone, ternary estimate valid"
Naproxen,β-CD,Fuzzy-Weak,0.8355,Succinic acid,organic acid,-0.064,356.3,1593.2,4.47,-3.71,True,descriptor,True,"OK — Fuzzy Zone, ternary estimate valid"
Naproxen,β-CD,Fuzzy-Weak,0.8355,L-Proline,amino acid,-0.177,356.3,1579.4,4.43,-3.69,True,descriptor,True,"OK — Fuzzy Zone, ternary estimate valid"
Naproxen,β-CD,Fuzzy-Weak,0.8355,L-Lysine,amino acid,-0.473,356.3,1543.8,4.33,-3.63,True,descriptor,True,"OK — Fuzzy Zone, ternary estimate valid"
Naproxen,β-CD,Fuzzy-Weak,0.8355,L-Histidine,amino acid,-0.636,356.3,1524.5,4.28,-3.6,True,descriptor,True,"OK — Fuzzy Zone, ternary estimate valid"
Naproxen,β-CD,Fuzzy-Weak,0.8355,Glycine,amino acid,-0.97,356.3,1485.7,4.17,-3.54,True,descriptor,True,"OK — Fuzzy Zone, ternary estimate valid"
Naproxen,β-CD,Fuzzy-Weak,0.8355,Urea,hydrotrope,-0.976,356.3,1485.0,4.17,-3.54,True,descriptor,True,"OK — Fuzzy Zone, ternary estimate valid"
Naproxen,β-CD,Fuzzy-Weak,0.8355,Caffeine,hydrotrope,-1.029,356.3,1478.9,4.15,-3.53,True,descriptor,True,"OK — Fuzzy Zone, ternary estimate valid"
Naproxen,β-CD,Fuzzy-Weak,0.8355,L-Arginine,amino acid,-1.338,356.3,1444.0,4.05,-3.47,True,descriptor,True,"OK — Fuzzy Zone, ternary estimate valid"
Naproxen,β-CD,Fuzzy-Weak,0.8355,L-Glutamine,amino acid,-1.336,356.3,1444.3,4.05,-3.47,True,descriptor,True,"OK — Fuzzy Zone, ternary estimate valid"
Naproxen,β-CD,Fuzzy-Weak,0.8355,Triethanolamine,amine,-1.735,356.3,1400.6,3.93,-3.39,True,descriptor,True,"OK — Fuzzy Zone, ternary estimate valid"
Naproxen,β-CD,Fuzzy-Weak,0.8355,Citric acid,organic acid,-1.888,356.3,1384.1,3.88,-3.36,True,descriptor,True,"OK — Fuzzy Zone, ternary estimate valid"
Naproxen,β-CD,Fuzzy-Weak,0.8355,Tartaric acid,organic acid,-2.123,356.3,1359.3,3.81,-3.32,True,descriptor,True,"OK — Fuzzy Zone, ternary estimate valid"
Naproxen,β-CD,Fuzzy-Weak,0.8355,Tromethamine,buffer amine,-2.339,356.3,1336.7,3.75,-3.28,True,descriptor,True,"OK — Fuzzy Zone, ternary estimate valid"
Naproxen,β-CD,Fuzzy-Weak,0.8355,Meglumine,sugar amine,-3.619,356.3,1211.0,3.4,-3.03,True,descriptor,True,"OK — Fuzzy Zone, ternary estimate valid"
Naproxen,β-CD,Fuzzy-Weak,0.8355,HPMC E5,polymer,polymer,356.3,1457.3,4.09,-3.49,True,constant,True,"OK — Fuzzy Zone, ternary estimate valid"
Naproxen,β-CD,Fuzzy-Weak,0.8355,HPMC K15M,polymer,polymer,356.3,1457.3,4.09,-3.49,True,constant,True,"OK — Fuzzy Zone, ternary estimate valid"
Naproxen,β-CD,Fuzzy-Weak,0.8355,PVP K30,polymer,polymer,356.3,1457.3,4.09,-3.49,True,constant,True,"OK — Fuzzy Zone, ternary estimate valid"
Naproxen,β-CD,Fuzzy-Weak,0.8355,PEG 4000,polymer,polymer,356.3,1457.3,4.09,-3.49,True,constant,True,"OK — Fuzzy Zone, ternary estimate valid"
Naproxen,β-CD,Fuzzy-Weak,0.8355,Poloxamer 188,polymer,polymer,356.3,1457.3,4.09,-3.49,True,constant,True,"OK — Fuzzy Zone, ternary estimate valid"
Naproxen,γ-CD,Weak (High conf),1.955,Nicotinamide,hydrotrope,0.18,36.3,165.2,4.56,-3.76,True,descriptor,False,"SKIP — Weak (High conf): K<100, drug-CD mismatch, coformer ineffective"
Naproxen,γ-CD,Weak (High conf),1.955,Succinic acid,organic acid,-0.064,36.3,162.1,4.47,-3.71,True,descriptor,False,"SKIP — Weak (High conf): K<100, drug-CD mismatch, coformer ineffective"
Naproxen,γ-CD,Weak (High conf),1.955,L-Proline,amino acid,-0.177,36.3,160.7,4.43,-3.69,True,descriptor,False,"SKIP — Weak (High conf): K<100, drug-CD mismatch, coformer ineffective"
Naproxen,γ-CD,Weak (High conf),1.955,L-Lysine,amino acid,-0.473,36.3,157.1,4.33,-3.63,True,descriptor,False,"SKIP — Weak (High conf): K<100, drug-CD mismatch, coformer ineffective"
Naproxen,γ-CD,Weak (High conf),1.955,L-Histidine,amino acid,-0.636,36.3,155.1,4.28,-3.6,True,descriptor,False,"SKIP — Weak (High conf): K<100, drug-CD mismatch, coformer ineffective"
Naproxen,γ-CD,Weak (High conf),1.955,Glycine,amino acid,-0.97,36.3,151.2,4.17,-3.54,True,descriptor,False,"SKIP — Weak (High conf): K<100, drug-CD mismatch, coformer ineffective"
Naproxen,γ-CD,Weak (High conf),1.955,Urea,hydrotrope,-0.976,36.3,151.1,4.17,-3.54,True,descriptor,False,"SKIP — Weak (High conf): K<100, drug-CD mismatch, coformer ineffective"
Naproxen,γ-CD,Weak (High conf),1.955,Caffeine,hydrotrope,-1.029,36.3,150.5,4.15,-3.53,True,descriptor,False,"SKIP — Weak (High conf): K<100, drug-CD mismatch, coformer ineffective"
Naproxen,γ-CD,Weak (High conf),1.955,L-Arginine,amino acid,-1.338,36.3,146.9,4.05,-3.47,True,descriptor,False,"SKIP — Weak (High conf): K<100, drug-CD mismatch, coformer ineffective"
Naproxen,γ-CD,Weak (High conf),1.955,L-Glutamine,amino acid,-1.336,36.3,147.0,4.05,-3.47,True,descriptor,False,"SKIP — Weak (High conf): K<100, drug-CD mismatch, coformer ineffective"
Naproxen,γ-CD,Weak (High conf),1.955,Triethanolamine,amine,-1.735,36.3,142.5,3.93,-3.39,True,descriptor,False,"SKIP — Weak (High conf): K<100, drug-CD mismatch, coformer ineffective"
Naproxen,γ-CD,Weak (High conf),1.955,Citric acid,organic acid,-1.888,36.3,140.8,3.88,-3.36,True,descriptor,False,"SKIP — Weak (High conf): K<100, drug-CD mismatch, coformer ineffective"
Naproxen,γ-CD,Weak (High conf),1.955,Tartaric acid,organic acid,-2.123,36.3,138.3,3.81,-3.32,True,descriptor,False,"SKIP — Weak (High conf): K<100, drug-CD mismatch, coformer ineffective"
Naproxen,γ-CD,Weak (High conf),1.955,Tromethamine,buffer amine,-2.339,36.3,136.0,3.75,-3.28,True,descriptor,False,"SKIP — Weak (High conf): K<100, drug-CD mismatch, coformer ineffective"
Naproxen,γ-CD,Weak (High conf),1.955,Meglumine,sugar amine,-3.619,36.3,123.2,3.4,-3.03,True,descriptor,False,"SKIP — Weak (High conf): K<100, drug-CD mismatch, coformer ineffective"
Naproxen,γ-CD,Weak (High conf),1.955,HPMC E5,polymer,polymer,36.3,148.3,4.09,-3.49,True,constant,False,"SKIP — Weak (High conf): K<100, drug-CD mismatch, coformer ineffective"
Naproxen,γ-CD,Weak (High conf),1.955,HPMC K15M,polymer,polymer,36.3,148.3,4.09,-3.49,True,constant,False,"SKIP — Weak (High conf): K<100, drug-CD mismatch, coformer ineffective"
Naproxen,γ-CD,Weak (High conf),1.955,PVP K30,polymer,polymer,36.3,148.3,4.09,-3.49,True,constant,False,"SKIP — Weak (High conf): K<100, drug-CD mismatch, coformer ineffective"
Naproxen,γ-CD,Weak (High conf),1.955,PEG 4000,polymer,polymer,36.3,148.3,4.09,-3.49,True,constant,False,"SKIP — Weak (High conf): K<100, drug-CD mismatch, coformer ineffective"
Naproxen,γ-CD,Weak (High conf),1.955,Poloxamer 188,polymer,polymer,36.3,148.3,4.09,-3.49,True,constant,False,"SKIP — Weak (High conf): K<100, drug-CD mismatch, coformer ineffective"
Naproxen,HP-β-CD,Fuzzy-Weak,1.1854,Nicotinamide,hydrotrope,0.18,174.4,794.9,4.56,-3.76,True,descriptor,True,"OK — Fuzzy Zone, ternary estimate valid"
Naproxen,HP-β-CD,Fuzzy-Weak,1.1854,Succinic acid,organic acid,-0.064,174.4,780.0,4.47,-3.71,True,descriptor,True,"OK — Fuzzy Zone, ternary estimate valid"
Naproxen,HP-β-CD,Fuzzy-Weak,1.1854,L-Proline,amino acid,-0.177,174.4,773.2,4.43,-3.69,True,descriptor,True,"OK — Fuzzy Zone, ternary estimate valid"
Naproxen,HP-β-CD,Fuzzy-Weak,1.1854,L-Lysine,amino acid,-0.473,174.4,755.8,4.33,-3.63,True,descriptor,True,"OK — Fuzzy Zone, ternary estimate valid"
Naproxen,HP-β-CD,Fuzzy-Weak,1.1854,L-Histidine,amino acid,-0.636,174.4,746.3,4.28,-3.6,True,descriptor,True,"OK — Fuzzy Zone, ternary estimate valid"
Naproxen,HP-β-CD,Fuzzy-Weak,1.1854,Glycine,amino acid,-0.97,174.4,727.3,4.17,-3.54,True,descriptor,True,"OK — Fuzzy Zone, ternary estimate valid"
Naproxen,HP-β-CD,Fuzzy-Weak,1.1854,Urea,hydrotrope,-0.976,174.4,727.0,4.17,-3.54,True,descriptor,True,"OK — Fuzzy Zone, ternary estimate valid"
Naproxen,HP-β-CD,Fuzzy-Weak,1.1854,Caffeine,hydrotrope,-1.029,174.4,724.0,4.15,-3.53,True,descriptor,True,"OK — Fuzzy Zone, ternary estimate valid"
Naproxen,HP-β-CD,Fuzzy-Weak,1.1854,L-Arginine,amino acid,-1.338,174.4,706.9,4.05,-3.47,True,descriptor,True,"OK — Fuzzy Zone, ternary estimate valid"
Naproxen,HP-β-CD,Fuzzy-Weak,1.1854,L-Glutamine,amino acid,-1.336,174.4,707.1,4.05,-3.47,True,descriptor,True,"OK — Fuzzy Zone, ternary estimate valid"
Naproxen,HP-β-CD,Fuzzy-Weak,1.1854,Triethanolamine,amine,-1.735,174.4,685.7,3.93,-3.39,True,descriptor,True,"OK — Fuzzy Zone, ternary estimate valid"
Naproxen,HP-β-CD,Fuzzy-Weak,1.1854,Citric acid,organic acid,-1.888,174.4,677.6,3.88,-3.36,True,descriptor,True,"OK — Fuzzy Zone, ternary estimate valid"
Naproxen,HP-β-CD,Fuzzy-Weak,1.1854,Tartaric acid,organic acid,-2.123,174.4,665.4,3.81,-3.32,True,descriptor,True,"OK — Fuzzy Zone, ternary estimate valid"
Naproxen,HP-β-CD,Fuzzy-Weak,1.1854,Tromethamine,buffer amine,-2.339,174.4,654.4,3.75,-3.28,True,descriptor,True,"OK — Fuzzy Zone, ternary estimate valid"
Naproxen,HP-β-CD,Fuzzy-Weak,1.1854,Meglumine,sugar amine,-3.619,174.4,592.9,3.4,-3.03,True,descriptor,True,"OK — Fuzzy Zone, ternary estimate valid"
Naproxen,HP-β-CD,Fuzzy-Weak,1.1854,HPMC E5,polymer,polymer,174.4,713.5,4.09,-3.49,True,constant,True,"OK — Fuzzy Zone, ternary estimate valid"
Naproxen,HP-β-CD,Fuzzy-Weak,1.1854,HPMC K15M,polymer,polymer,174.4,713.5,4.09,-3.49,True,constant,True,"OK — Fuzzy Zone, ternary estimate valid"
Naproxen,HP-β-CD,Fuzzy-Weak,1.1854,PVP K30,polymer,polymer,174.4,713.5,4.09,-3.49,True,constant,True,"OK — Fuzzy Zone, ternary estimate valid"
Naproxen,HP-β-CD,Fuzzy-Weak,1.1854,PEG 4000,polymer,polymer,174.4,713.5,4.09,-3.49,True,constant,True,"OK — Fuzzy Zone, ternary estimate valid"
Naproxen,HP-β-CD,Fuzzy-Weak,1.1854,Poloxamer 188,polymer,polymer,174.4,713.5,4.09,-3.49,True,constant,True,"OK — Fuzzy Zone, ternary estimate valid"
Indomethacin,α-CD,Fuzzy-Weak,0.4599,Nicotinamide,hydrotrope,0.18,767.1,3495.1,4.56,-3.76,True,descriptor,True,"OK — Fuzzy Zone, ternary estimate valid"
Indomethacin,α-CD,Fuzzy-Weak,0.4599,Succinic acid,organic acid,-0.064,767.1,3429.7,4.47,-3.71,True,descriptor,True,"OK — Fuzzy Zone, ternary estimate valid"
Indomethacin,α-CD,Fuzzy-Weak,0.4599,L-Proline,amino acid,-0.177,767.1,3400.0,4.43,-3.69,True,descriptor,True,"OK — Fuzzy Zone, ternary estimate valid"
Indomethacin,α-CD,Fuzzy-Weak,0.4599,L-Lysine,amino acid,-0.473,767.1,3323.3,4.33,-3.63,True,descriptor,True,"OK — Fuzzy Zone, ternary estimate valid"
Indomethacin,α-CD,Fuzzy-Weak,0.4599,L-Histidine,amino acid,-0.636,767.1,3281.7,4.28,-3.6,True,descriptor,True,"OK — Fuzzy Zone, ternary estimate valid"
Indomethacin,α-CD,Fuzzy-Weak,0.4599,Glycine,amino acid,-0.97,767.1,3198.1,4.17,-3.54,True,descriptor,True,"OK — Fuzzy Zone, ternary estimate valid"
Indomethacin,α-CD,Fuzzy-Weak,0.4599,Urea,hydrotrope,-0.976,767.1,3196.7,4.17,-3.54,True,descriptor,True,"OK — Fuzzy Zone, ternary estimate valid"
Indomethacin,α-CD,Fuzzy-Weak,0.4599,Caffeine,hydrotrope,-1.029,767.1,3183.6,4.15,-3.53,True,descriptor,True,"OK — Fuzzy Zone, ternary estimate valid"
Indomethacin,α-CD,Fuzzy-Weak,0.4599,L-Arginine,amino acid,-1.338,767.1,3108.6,4.05,-3.47,True,descriptor,True,"OK — Fuzzy Zone, ternary estimate valid"
Indomethacin,α-CD,Fuzzy-Weak,0.4599,L-Glutamine,amino acid,-1.336,767.1,3109.1,4.05,-3.47,True,descriptor,True,"OK — Fuzzy Zone, ternary estimate valid"
Indomethacin,α-CD,Fuzzy-Weak,0.4599,Triethanolamine,amine,-1.735,767.1,3015.0,3.93,-3.39,True,descriptor,True,"OK — Fuzzy Zone, ternary estimate valid"
Indomethacin,α-CD,Fuzzy-Weak,0.4599,Citric acid,organic acid,-1.888,767.1,2979.6,3.88,-3.36,True,descriptor,True,"OK — Fuzzy Zone, ternary estimate valid"
Indomethacin,α-CD,Fuzzy-Weak,0.4599,Tartaric acid,organic acid,-2.123,767.1,2926.0,3.81,-3.32,True,descriptor,True,"OK — Fuzzy Zone, ternary estimate valid"
Indomethacin,α-CD,Fuzzy-Weak,0.4599,Tromethamine,buffer amine,-2.339,767.1,2877.6,3.75,-3.28,True,descriptor,True,"OK — Fuzzy Zone, ternary estimate valid"
Indomethacin,α-CD,Fuzzy-Weak,0.4599,Meglumine,sugar amine,-3.619,767.1,2607.0,3.4,-3.03,True,descriptor,True,"OK — Fuzzy Zone, ternary estimate valid"
Indomethacin,α-CD,Fuzzy-Weak,0.4599,HPMC E5,polymer,polymer,767.1,3137.2,4.09,-3.49,True,constant,True,"OK — Fuzzy Zone, ternary estimate valid"
Indomethacin,α-CD,Fuzzy-Weak,0.4599,HPMC K15M,polymer,polymer,767.1,3137.2,4.09,-3.49,True,constant,True,"OK — Fuzzy Zone, ternary estimate valid"
Indomethacin,α-CD,Fuzzy-Weak,0.4599,PVP K30,polymer,polymer,767.1,3137.2,4.09,-3.49,True,constant,True,"OK — Fuzzy Zone, ternary estimate valid"
Indomethacin,α-CD,Fuzzy-Weak,0.4599,PEG 4000,polymer,polymer,767.1,3137.2,4.09,-3.49,True,constant,True,"OK — Fuzzy Zone, ternary estimate valid"
Indomethacin,α-CD,Fuzzy-Weak,0.4599,Poloxamer 188,polymer,polymer,767.1,3137.2,4.09,-3.49,True,constant,True,"OK — Fuzzy Zone, ternary estimate valid"
Indomethacin,β-CD,Fuzzy-Weak,1.2529,Nicotinamide,hydrotrope,0.18,152.0,692.5,4.56,-3.76,True,descriptor,True,"OK — Fuzzy Zone, ternary estimate valid"
Indomethacin,β-CD,Fuzzy-Weak,1.2529,Succinic acid,organic acid,-0.064,152.0,679.6,4.47,-3.71,True,descriptor,True,"OK — Fuzzy Zone, ternary estimate valid"
Indomethacin,β-CD,Fuzzy-Weak,1.2529,L-Proline,amino acid,-0.177,152.0,673.7,4.43,-3.69,True,descriptor,True,"OK — Fuzzy Zone, ternary estimate valid"
Indomethacin,β-CD,Fuzzy-Weak,1.2529,L-Lysine,amino acid,-0.473,152.0,658.5,4.33,-3.63,True,descriptor,True,"OK — Fuzzy Zone, ternary estimate valid"
Indomethacin,β-CD,Fuzzy-Weak,1.2529,L-Histidine,amino acid,-0.636,152.0,650.3,4.28,-3.6,True,descriptor,True,"OK — Fuzzy Zone, ternary estimate valid"
Indomethacin,β-CD,Fuzzy-Weak,1.2529,Glycine,amino acid,-0.97,152.0,633.7,4.17,-3.54,True,descriptor,True,"OK — Fuzzy Zone, ternary estimate valid"
Indomethacin,β-CD,Fuzzy-Weak,1.2529,Urea,hydrotrope,-0.976,152.0,633.4,4.17,-3.54,True,descriptor,True,"OK — Fuzzy Zone, ternary estimate valid"
Indomethacin,β-CD,Fuzzy-Weak,1.2529,Caffeine,hydrotrope,-1.029,152.0,630.8,4.15,-3.53,True,descriptor,True,"OK — Fuzzy Zone, ternary estimate valid"
Indomethacin,β-CD,Fuzzy-Weak,1.2529,L-Arginine,amino acid,-1.338,152.0,616.0,4.05,-3.47,True,descriptor,True,"OK — Fuzzy Zone, ternary estimate valid"
Indomethacin,β-CD,Fuzzy-Weak,1.2529,L-Glutamine,amino acid,-1.336,152.0,616.1,4.05,-3.47,True,descriptor,True,"OK — Fuzzy Zone, ternary estimate valid"
Indomethacin,β-CD,Fuzzy-Weak,1.2529,Triethanolamine,amine,-1.735,152.0,597.4,3.93,-3.39,True,descriptor,True,"OK — Fuzzy Zone, ternary estimate valid"
Indomethacin,β-CD,Fuzzy-Weak,1.2529,Citric acid,organic acid,-1.888,152.0,590.4,3.88,-3.36,True,descriptor,True,"OK — Fuzzy Zone, ternary estimate valid"
Indomethacin,β-CD,Fuzzy-Weak,1.2529,Tartaric acid,organic acid,-2.123,152.0,579.8,3.81,-3.32,True,descriptor,True,"OK — Fuzzy Zone, ternary estimate valid"
Indomethacin,β-CD,Fuzzy-Weak,1.2529,Tromethamine,buffer amine,-2.339,152.0,570.2,3.75,-3.28,True,descriptor,True,"OK — Fuzzy Zone, ternary estimate valid"
Indomethacin,β-CD,Fuzzy-Weak,1.2529,Meglumine,sugar amine,-3.619,152.0,516.6,3.4,-3.03,True,descriptor,True,"OK — Fuzzy Zone, ternary estimate valid"
Indomethacin,β-CD,Fuzzy-Weak,1.2529,HPMC E5,polymer,polymer,152.0,621.6,4.09,-3.49,True,constant,True,"OK — Fuzzy Zone, ternary estimate valid"
Indomethacin,β-CD,Fuzzy-Weak,1.2529,HPMC K15M,polymer,polymer,152.0,621.6,4.09,-3.49,True,constant,True,"OK — Fuzzy Zone, ternary estimate valid"
Indomethacin,β-CD,Fuzzy-Weak,1.2529,PVP K30,polymer,polymer,152.0,621.6,4.09,-3.49,True,constant,True,"OK — Fuzzy Zone, ternary estimate valid"
Indomethacin,β-CD,Fuzzy-Weak,1.2529,PEG 4000,polymer,polymer,152.0,621.6,4.09,-3.49,True,constant,True,"OK — Fuzzy Zone, ternary estimate valid"
Indomethacin,β-CD,Fuzzy-Weak,1.2529,Poloxamer 188,polymer,polymer,152.0,621.6,4.09,-3.49,True,constant,True,"OK — Fuzzy Zone, ternary estimate valid"
Indomethacin,γ-CD,Fuzzy-Weak,1.4475,Nicotinamide,hydrotrope,0.18,102.2,465.5,4.56,-3.76,True,descriptor,True,"OK — Fuzzy Zone, ternary estimate valid"
Indomethacin,γ-CD,Fuzzy-Weak,1.4475,Succinic acid,organic acid,-0.064,102.2,456.8,4.47,-3.71,True,descriptor,True,"OK — Fuzzy Zone, ternary estimate valid"
Indomethacin,γ-CD,Fuzzy-Weak,1.4475,L-Proline,amino acid,-0.177,102.2,452.8,4.43,-3.69,True,descriptor,True,"OK — Fuzzy Zone, ternary estimate valid"
Indomethacin,γ-CD,Fuzzy-Weak,1.4475,L-Lysine,amino acid,-0.473,102.2,442.6,4.33,-3.63,True,descriptor,True,"OK — Fuzzy Zone, ternary estimate valid"
Indomethacin,γ-CD,Fuzzy-Weak,1.4475,L-Histidine,amino acid,-0.636,102.2,437.1,4.28,-3.6,True,descriptor,True,"OK — Fuzzy Zone, ternary estimate valid"
Indomethacin,γ-CD,Fuzzy-Weak,1.4475,Glycine,amino acid,-0.97,102.2,426.0,4.17,-3.54,True,descriptor,True,"OK — Fuzzy Zone, ternary estimate valid"
Indomethacin,γ-CD,Fuzzy-Weak,1.4475,Urea,hydrotrope,-0.976,102.2,425.8,4.17,-3.54,True,descriptor,True,"OK — Fuzzy Zone, ternary estimate valid"
Indomethacin,γ-CD,Fuzzy-Weak,1.4475,Caffeine,hydrotrope,-1.029,102.2,424.0,4.15,-3.53,True,descriptor,True,"OK — Fuzzy Zone, ternary estimate valid"
Indomethacin,γ-CD,Fuzzy-Weak,1.4475,L-Arginine,amino acid,-1.338,102.2,414.0,4.05,-3.47,True,descriptor,True,"OK — Fuzzy Zone, ternary estimate valid"
Indomethacin,γ-CD,Fuzzy-Weak,1.4475,L-Glutamine,amino acid,-1.336,102.2,414.1,4.05,-3.47,True,descriptor,True,"OK — Fuzzy Zone, ternary estimate valid"
Indomethacin,γ-CD,Fuzzy-Weak,1.4475,Triethanolamine,amine,-1.735,102.2,401.6,3.93,-3.39,True,descriptor,True,"OK — Fuzzy Zone, ternary estimate valid"
Indomethacin,γ-CD,Fuzzy-Weak,1.4475,Citric acid,organic acid,-1.888,102.2,396.8,3.88,-3.36,True,descriptor,True,"OK — Fuzzy Zone, ternary estimate valid"
Indomethacin,γ-CD,Fuzzy-Weak,1.4475,Tartaric acid,organic acid,-2.123,102.2,389.7,3.81,-3.32,True,descriptor,True,"OK — Fuzzy Zone, ternary estimate valid"
Indomethacin,γ-CD,Fuzzy-Weak,1.4475,Tromethamine,buffer amine,-2.339,102.2,383.3,3.75,-3.28,True,descriptor,True,"OK — Fuzzy Zone, ternary estimate valid"
Indomethacin,γ-CD,Fuzzy-Weak,1.4475,Meglumine,sugar amine,-3.619,102.2,347.2,3.4,-3.03,True,descriptor,True,"OK — Fuzzy Zone, ternary estimate valid"
Indomethacin,γ-CD,Fuzzy-Weak,1.4475,HPMC E5,polymer,polymer,102.2,417.8,4.09,-3.49,True,constant,True,"OK — Fuzzy Zone, ternary estimate valid"
Indomethacin,γ-CD,Fuzzy-Weak,1.4475,HPMC K15M,polymer,polymer,102.2,417.8,4.09,-3.49,True,constant,True,"OK — Fuzzy Zone, ternary estimate valid"
Indomethacin,γ-CD,Fuzzy-Weak,1.4475,PVP K30,polymer,polymer,102.2,417.8,4.09,-3.49,True,constant,True,"OK — Fuzzy Zone, ternary estimate valid"
Indomethacin,γ-CD,Fuzzy-Weak,1.4475,PEG 4000,polymer,polymer,102.2,417.8,4.09,-3.49,True,constant,True,"OK — Fuzzy Zone, ternary estimate valid"
Indomethacin,γ-CD,Fuzzy-Weak,1.4475,Poloxamer 188,polymer,polymer,102.2,417.8,4.09,-3.49,True,constant,True,"OK — Fuzzy Zone, ternary estimate valid"
Indomethacin,HP-β-CD,Fuzzy-Weak,1.1058,Nicotinamide,hydrotrope,0.18,205.2,935.1,4.56,-3.76,True,descriptor,True,"OK — Fuzzy Zone, ternary estimate valid"
Indomethacin,HP-β-CD,Fuzzy-Weak,1.1058,Succinic acid,organic acid,-0.064,205.2,917.6,4.47,-3.71,True,descriptor,True,"OK — Fuzzy Zone, ternary estimate valid"
Indomethacin,HP-β-CD,Fuzzy-Weak,1.1058,L-Proline,amino acid,-0.177,205.2,909.6,4.43,-3.69,True,descriptor,True,"OK — Fuzzy Zone, ternary estimate valid"
Indomethacin,HP-β-CD,Fuzzy-Weak,1.1058,L-Lysine,amino acid,-0.473,205.2,889.1,4.33,-3.63,True,descriptor,True,"OK — Fuzzy Zone, ternary estimate valid"
Indomethacin,HP-β-CD,Fuzzy-Weak,1.1058,L-Histidine,amino acid,-0.636,205.2,878.0,4.28,-3.6,True,descriptor,True,"OK — Fuzzy Zone, ternary estimate valid"
Indomethacin,HP-β-CD,Fuzzy-Weak,1.1058,Glycine,amino acid,-0.97,205.2,855.6,4.17,-3.54,True,descriptor,True,"OK — Fuzzy Zone, ternary estimate valid"
Indomethacin,HP-β-CD,Fuzzy-Weak,1.1058,Urea,hydrotrope,-0.976,205.2,855.2,4.17,-3.54,True,descriptor,True,"OK — Fuzzy Zone, ternary estimate valid"
Indomethacin,HP-β-CD,Fuzzy-Weak,1.1058,Caffeine,hydrotrope,-1.029,205.2,851.8,4.15,-3.53,True,descriptor,True,"OK — Fuzzy Zone, ternary estimate valid"
Indomethacin,HP-β-CD,Fuzzy-Weak,1.1058,L-Arginine,amino acid,-1.338,205.2,831.7,4.05,-3.47,True,descriptor,True,"OK — Fuzzy Zone, ternary estimate valid"
Indomethacin,HP-β-CD,Fuzzy-Weak,1.1058,L-Glutamine,amino acid,-1.336,205.2,831.8,4.05,-3.47,True,descriptor,True,"OK — Fuzzy Zone, ternary estimate valid"
Indomethacin,HP-β-CD,Fuzzy-Weak,1.1058,Triethanolamine,amine,-1.735,205.2,806.6,3.93,-3.39,True,descriptor,True,"OK — Fuzzy Zone, ternary estimate valid"
Indomethacin,HP-β-CD,Fuzzy-Weak,1.1058,Citric acid,organic acid,-1.888,205.2,797.2,3.88,-3.36,True,descriptor,True,"OK — Fuzzy Zone, ternary estimate valid"
Indomethacin,HP-β-CD,Fuzzy-Weak,1.1058,Tartaric acid,organic acid,-2.123,205.2,782.8,3.81,-3.32,True,descriptor,True,"OK — Fuzzy Zone, ternary estimate valid"
Indomethacin,HP-β-CD,Fuzzy-Weak,1.1058,Tromethamine,buffer amine,-2.339,205.2,769.9,3.75,-3.28,True,descriptor,True,"OK — Fuzzy Zone, ternary estimate valid"
Indomethacin,HP-β-CD,Fuzzy-Weak,1.1058,Meglumine,sugar amine,-3.619,205.2,697.5,3.4,-3.03,True,descriptor,True,"OK — Fuzzy Zone, ternary estimate valid"
Indomethacin,HP-β-CD,Fuzzy-Weak,1.1058,HPMC E5,polymer,polymer,205.2,839.3,4.09,-3.49,True,constant,True,"OK — Fuzzy Zone, ternary estimate valid"
Indomethacin,HP-β-CD,Fuzzy-Weak,1.1058,HPMC K15M,polymer,polymer,205.2,839.3,4.09,-3.49,True,constant,True,"OK — Fuzzy Zone, ternary estimate valid"
Indomethacin,HP-β-CD,Fuzzy-Weak,1.1058,PVP K30,polymer,polymer,205.2,839.3,4.09,-3.49,True,constant,True,"OK — Fuzzy Zone, ternary estimate valid"
Indomethacin,HP-β-CD,Fuzzy-Weak,1.1058,PEG 4000,polymer,polymer,205.2,839.3,4.09,-3.49,True,constant,True,"OK — Fuzzy Zone, ternary estimate valid"
Indomethacin,HP-β-CD,Fuzzy-Weak,1.1058,Poloxamer 188,polymer,polymer,205.2,839.3,4.09,-3.49,True,constant,True,"OK — Fuzzy Zone, ternary estimate valid"
Ibuprofen,α-CD,Fuzzy-Weak,1.2849,Nicotinamide,hydrotrope,0.18,142.4,648.7,4.56,-3.76,True,descriptor,True,"OK — Fuzzy Zone, ternary estimate valid"
Ibuprofen,α-CD,Fuzzy-Weak,1.2849,Succinic acid,organic acid,-0.064,142.4,636.6,4.47,-3.71,True,descriptor,True,"OK — Fuzzy Zone, ternary estimate valid"
Ibuprofen,α-CD,Fuzzy-Weak,1.2849,L-Proline,amino acid,-0.177,142.4,631.1,4.43,-3.69,True,descriptor,True,"OK — Fuzzy Zone, ternary estimate valid"
Ibuprofen,α-CD,Fuzzy-Weak,1.2849,L-Lysine,amino acid,-0.473,142.4,616.9,4.33,-3.63,True,descriptor,True,"OK — Fuzzy Zone, ternary estimate valid"
Ibuprofen,α-CD,Fuzzy-Weak,1.2849,L-Histidine,amino acid,-0.636,142.4,609.1,4.28,-3.6,True,descriptor,True,"OK — Fuzzy Zone, ternary estimate valid"
Ibuprofen,α-CD,Fuzzy-Weak,1.2849,Glycine,amino acid,-0.97,142.4,593.6,4.17,-3.54,True,descriptor,True,"OK — Fuzzy Zone, ternary estimate valid"
Ibuprofen,α-CD,Fuzzy-Weak,1.2849,Urea,hydrotrope,-0.976,142.4,593.4,4.17,-3.54,True,descriptor,True,"OK — Fuzzy Zone, ternary estimate valid"
Ibuprofen,α-CD,Fuzzy-Weak,1.2849,Caffeine,hydrotrope,-1.029,142.4,590.9,4.15,-3.53,True,descriptor,True,"OK — Fuzzy Zone, ternary estimate valid"
Ibuprofen,α-CD,Fuzzy-Weak,1.2849,L-Arginine,amino acid,-1.338,142.4,577.0,4.05,-3.47,True,descriptor,True,"OK — Fuzzy Zone, ternary estimate valid"
Ibuprofen,α-CD,Fuzzy-Weak,1.2849,L-Glutamine,amino acid,-1.336,142.4,577.1,4.05,-3.47,True,descriptor,True,"OK — Fuzzy Zone, ternary estimate valid"
Ibuprofen,α-CD,Fuzzy-Weak,1.2849,Triethanolamine,amine,-1.735,142.4,559.6,3.93,-3.39,True,descriptor,True,"OK — Fuzzy Zone, ternary estimate valid"
Ibuprofen,α-CD,Fuzzy-Weak,1.2849,Citric acid,organic acid,-1.888,142.4,553.1,3.88,-3.36,True,descriptor,True,"OK — Fuzzy Zone, ternary estimate valid"
Ibuprofen,α-CD,Fuzzy-Weak,1.2849,Tartaric acid,organic acid,-2.123,142.4,543.1,3.81,-3.32,True,descriptor,True,"OK — Fuzzy Zone, ternary estimate valid"
Ibuprofen,α-CD,Fuzzy-Weak,1.2849,Tromethamine,buffer amine,-2.339,142.4,534.1,3.75,-3.28,True,descriptor,True,"OK — Fuzzy Zone, ternary estimate valid"
Ibuprofen,α-CD,Fuzzy-Weak,1.2849,Meglumine,sugar amine,-3.619,142.4,483.9,3.4,-3.03,True,descriptor,True,"OK — Fuzzy Zone, ternary estimate valid"
Ibuprofen,α-CD,Fuzzy-Weak,1.2849,HPMC E5,polymer,polymer,142.4,582.3,4.09,-3.49,True,constant,True,"OK — Fuzzy Zone, ternary estimate valid"
Ibuprofen,α-CD,Fuzzy-Weak,1.2849,HPMC K15M,polymer,polymer,142.4,582.3,4.09,-3.49,True,constant,True,"OK — Fuzzy Zone, ternary estimate valid"
Ibuprofen,α-CD,Fuzzy-Weak,1.2849,PVP K30,polymer,polymer,142.4,582.3,4.09,-3.49,True,constant,True,"OK — Fuzzy Zone, ternary estimate valid"
Ibuprofen,α-CD,Fuzzy-Weak,1.2849,PEG 4000,polymer,polymer,142.4,582.3,4.09,-3.49,True,constant,True,"OK — Fuzzy Zone, ternary estimate valid"
Ibuprofen,α-CD,Fuzzy-Weak,1.2849,Poloxamer 188,polymer,polymer,142.4,582.3,4.09,-3.49,True,constant,True,"OK — Fuzzy Zone, ternary estimate valid"
Ibuprofen,β-CD,Strong (High conf),-3.8739,Nicotinamide,hydrotrope,0.18,5331650.9,24293008.1,4.56,-3.76,False,descriptor,False,"SKIP — Strong (High conf): already K>>10,000, extrapolation only"
Ibuprofen,β-CD,Strong (High conf),-3.8739,Succinic acid,organic acid,-0.064,5331650.9,23838627.2,4.47,-3.71,False,descriptor,False,"SKIP — Strong (High conf): already K>>10,000, extrapolation only"
Ibuprofen,β-CD,Strong (High conf),-3.8739,L-Proline,amino acid,-0.177,5331650.9,23632041.5,4.43,-3.69,False,descriptor,False,"SKIP — Strong (High conf): already K>>10,000, extrapolation only"
Ibuprofen,β-CD,Strong (High conf),-3.8739,L-Lysine,amino acid,-0.473,5331650.9,23098945.0,4.33,-3.63,False,descriptor,False,"SKIP — Strong (High conf): already K>>10,000, extrapolation only"
Ibuprofen,β-CD,Strong (High conf),-3.8739,L-Histidine,amino acid,-0.636,5331650.9,22809891.0,4.28,-3.6,False,descriptor,False,"SKIP — Strong (High conf): already K>>10,000, extrapolation only"
Ibuprofen,β-CD,Strong (High conf),-3.8739,Glycine,amino acid,-0.97,5331650.9,22228863.1,4.17,-3.54,False,descriptor,False,"SKIP — Strong (High conf): already K>>10,000, extrapolation only"
Ibuprofen,β-CD,Strong (High conf),-3.8739,Urea,hydrotrope,-0.976,5331650.9,22218745.7,4.17,-3.54,False,descriptor,False,"SKIP — Strong (High conf): already K>>10,000, extrapolation only"
Ibuprofen,β-CD,Strong (High conf),-3.8739,Caffeine,hydrotrope,-1.029,5331650.9,22127896.1,4.15,-3.53,False,descriptor,False,"SKIP — Strong (High conf): already K>>10,000, extrapolation only"
Ibuprofen,β-CD,Strong (High conf),-3.8739,L-Arginine,amino acid,-1.338,5331650.9,21606328.8,4.05,-3.47,False,descriptor,False,"SKIP — Strong (High conf): already K>>10,000, extrapolation only"
Ibuprofen,β-CD,Strong (High conf),-3.8739,L-Glutamine,amino acid,-1.336,5331650.9,21610046.9,4.05,-3.47,False,descriptor,False,"SKIP — Strong (High conf): already K>>10,000, extrapolation only"
Ibuprofen,β-CD,Strong (High conf),-3.8739,Triethanolamine,amine,-1.735,5331650.9,20955678.2,3.93,-3.39,False,descriptor,False,"SKIP — Strong (High conf): already K>>10,000, extrapolation only"
Ibuprofen,β-CD,Strong (High conf),-3.8739,Citric acid,organic acid,-1.888,5331650.9,20709897.2,3.88,-3.36,False,descriptor,False,"SKIP — Strong (High conf): already K>>10,000, extrapolation only"
Ibuprofen,β-CD,Strong (High conf),-3.8739,Tartaric acid,organic acid,-2.123,5331650.9,20337751.8,3.81,-3.32,False,descriptor,False,"SKIP — Strong (High conf): already K>>10,000, extrapolation only"
Ibuprofen,β-CD,Strong (High conf),-3.8739,Tromethamine,buffer amine,-2.339,5331650.9,20000669.8,3.75,-3.28,False,descriptor,False,"SKIP — Strong (High conf): already K>>10,000, extrapolation only"
Ibuprofen,β-CD,Strong (High conf),-3.8739,Meglumine,sugar amine,-3.619,5331650.9,18119976.3,3.4,-3.03,False,descriptor,False,"SKIP — Strong (High conf): already K>>10,000, extrapolation only"
Ibuprofen,β-CD,Strong (High conf),-3.8739,HPMC E5,polymer,polymer,5331650.9,21805388.6,4.09,-3.49,False,constant,False,"SKIP — Strong (High conf): already K>>10,000, extrapolation only"
Ibuprofen,β-CD,Strong (High conf),-3.8739,HPMC K15M,polymer,polymer,5331650.9,21805388.6,4.09,-3.49,False,constant,False,"SKIP — Strong (High conf): already K>>10,000, extrapolation only"
Ibuprofen,β-CD,Strong (High conf),-3.8739,PVP K30,polymer,polymer,5331650.9,21805388.6,4.09,-3.49,False,constant,False,"SKIP — Strong (High conf): already K>>10,000, extrapolation only"
Ibuprofen,β-CD,Strong (High conf),-3.8739,PEG 4000,polymer,polymer,5331650.9,21805388.6,4.09,-3.49,False,constant,False,"SKIP — Strong (High conf): already K>>10,000, extrapolation only"
Ibuprofen,β-CD,Strong (High conf),-3.8739,Poloxamer 188,polymer,polymer,5331650.9,21805388.6,4.09,-3.49,False,constant,False,"SKIP — Strong (High conf): already K>>10,000, extrapolation only"
Ibuprofen,γ-CD,Weak (High conf),1.744,Nicotinamide,hydrotrope,0.18,55.8,254.1,4.56,-3.76,True,descriptor,False,"SKIP — Weak (High conf): K<100, drug-CD mismatch, coformer ineffective"
Ibuprofen,γ-CD,Weak (High conf),1.744,Succinic acid,organic acid,-0.064,55.8,249.4,4.47,-3.71,True,descriptor,False,"SKIP — Weak (High conf): K<100, drug-CD mismatch, coformer ineffective"
Ibuprofen,γ-CD,Weak (High conf),1.744,L-Proline,amino acid,-0.177,55.8,247.2,4.43,-3.69,True,descriptor,False,"SKIP — Weak (High conf): K<100, drug-CD mismatch, coformer ineffective"
Ibuprofen,γ-CD,Weak (High conf),1.744,L-Lysine,amino acid,-0.473,55.8,241.6,4.33,-3.63,True,descriptor,False,"SKIP — Weak (High conf): K<100, drug-CD mismatch, coformer ineffective"
Ibuprofen,γ-CD,Weak (High conf),1.744,L-Histidine,amino acid,-0.636,55.8,238.6,4.28,-3.6,True,descriptor,False,"SKIP — Weak (High conf): K<100, drug-CD mismatch, coformer ineffective"
Ibuprofen,γ-CD,Weak (High conf),1.744,Glycine,amino acid,-0.97,55.8,232.5,4.17,-3.54,True,descriptor,False,"SKIP — Weak (High conf): K<100, drug-CD mismatch, coformer ineffective"
Ibuprofen,γ-CD,Weak (High conf),1.744,Urea,hydrotrope,-0.976,55.8,232.4,4.17,-3.54,True,descriptor,False,"SKIP — Weak (High conf): K<100, drug-CD mismatch, coformer ineffective"
Ibuprofen,γ-CD,Weak (High conf),1.744,Caffeine,hydrotrope,-1.029,55.8,231.5,4.15,-3.53,True,descriptor,False,"SKIP — Weak (High conf): K<100, drug-CD mismatch, coformer ineffective"
Ibuprofen,γ-CD,Weak (High conf),1.744,L-Arginine,amino acid,-1.338,55.8,226.0,4.05,-3.47,True,descriptor,False,"SKIP — Weak (High conf): K<100, drug-CD mismatch, coformer ineffective"
Ibuprofen,γ-CD,Weak (High conf),1.744,L-Glutamine,amino acid,-1.336,55.8,226.1,4.05,-3.47,True,descriptor,False,"SKIP — Weak (High conf): K<100, drug-CD mismatch, coformer ineffective"
Ibuprofen,γ-CD,Weak (High conf),1.744,Triethanolamine,amine,-1.735,55.8,219.2,3.93,-3.39,True,descriptor,False,"SKIP — Weak (High conf): K<100, drug-CD mismatch, coformer ineffective"
Ibuprofen,γ-CD,Weak (High conf),1.744,Citric acid,organic acid,-1.888,55.8,216.7,3.88,-3.36,True,descriptor,False,"SKIP — Weak (High conf): K<100, drug-CD mismatch, coformer ineffective"
Ibuprofen,γ-CD,Weak (High conf),1.744,Tartaric acid,organic acid,-2.123,55.8,212.8,3.81,-3.32,True,descriptor,False,"SKIP — Weak (High conf): K<100, drug-CD mismatch, coformer ineffective"
Ibuprofen,γ-CD,Weak (High conf),1.744,Tromethamine,buffer amine,-2.339,55.8,209.2,3.75,-3.28,True,descriptor,False,"SKIP — Weak (High conf): K<100, drug-CD mismatch, coformer ineffective"
Ibuprofen,γ-CD,Weak (High conf),1.744,Meglumine,sugar amine,-3.619,55.8,189.6,3.4,-3.03,True,descriptor,False,"SKIP — Weak (High conf): K<100, drug-CD mismatch, coformer ineffective"
Ibuprofen,γ-CD,Weak (High conf),1.744,HPMC E5,polymer,polymer,55.8,228.1,4.09,-3.49,True,constant,False,"SKIP — Weak (High conf): K<100, drug-CD mismatch, coformer ineffective"
Ibuprofen,γ-CD,Weak (High conf),1.744,HPMC K15M,polymer,polymer,55.8,228.1,4.09,-3.49,True,constant,False,"SKIP — Weak (High conf): K<100, drug-CD mismatch, coformer ineffective"
Ibuprofen,γ-CD,Weak (High conf),1.744,PVP K30,polymer,polymer,55.8,228.1,4.09,-3.49,True,constant,False,"SKIP — Weak (High conf): K<100, drug-CD mismatch, coformer ineffective"
Ibuprofen,γ-CD,Weak (High conf),1.744,PEG 4000,polymer,polymer,55.8,228.1,4.09,-3.49,True,constant,False,"SKIP — Weak (High conf): K<100, drug-CD mismatch, coformer ineffective"
Ibuprofen,γ-CD,Weak (High conf),1.744,Poloxamer 188,polymer,polymer,55.8,228.1,4.09,-3.49,True,constant,False,"SKIP — Weak (High conf): K<100, drug-CD mismatch, coformer ineffective"
Ibuprofen,HP-β-CD,Fuzzy-Strong,-0.1156,Nicotinamide,hydrotrope,0.18,2483.3,11315.0,4.56,-3.76,False,descriptor,True,"OK — Fuzzy Zone, ternary estimate valid"
Ibuprofen,HP-β-CD,Fuzzy-Strong,-0.1156,Succinic acid,organic acid,-0.064,2483.3,11103.4,4.47,-3.71,False,descriptor,True,"OK — Fuzzy Zone, ternary estimate valid"
Ibuprofen,HP-β-CD,Fuzzy-Strong,-0.1156,L-Proline,amino acid,-0.177,2483.3,11007.2,4.43,-3.69,False,descriptor,True,"OK — Fuzzy Zone, ternary estimate valid"
Ibuprofen,HP-β-CD,Fuzzy-Strong,-0.1156,L-Lysine,amino acid,-0.473,2483.3,10758.9,4.33,-3.63,False,descriptor,True,"OK — Fuzzy Zone, ternary estimate valid"
Ibuprofen,HP-β-CD,Fuzzy-Strong,-0.1156,L-Histidine,amino acid,-0.636,2483.3,10624.2,4.28,-3.6,False,descriptor,True,"OK — Fuzzy Zone, ternary estimate valid"
Ibuprofen,HP-β-CD,Fuzzy-Strong,-0.1156,Glycine,amino acid,-0.97,2483.3,10353.6,4.17,-3.54,False,descriptor,True,"OK — Fuzzy Zone, ternary estimate valid"
Ibuprofen,HP-β-CD,Fuzzy-Strong,-0.1156,Urea,hydrotrope,-0.976,2483.3,10348.9,4.17,-3.54,False,descriptor,True,"OK — Fuzzy Zone, ternary estimate valid"
Ibuprofen,HP-β-CD,Fuzzy-Strong,-0.1156,Caffeine,hydrotrope,-1.029,2483.3,10306.6,4.15,-3.53,False,descriptor,True,"OK — Fuzzy Zone, ternary estimate valid"
Ibuprofen,HP-β-CD,Fuzzy-Strong,-0.1156,L-Arginine,amino acid,-1.338,2483.3,10063.6,4.05,-3.47,False,descriptor,True,"OK — Fuzzy Zone, ternary estimate valid"
Ibuprofen,HP-β-CD,Fuzzy-Strong,-0.1156,L-Glutamine,amino acid,-1.336,2483.3,10065.4,4.05,-3.47,False,descriptor,True,"OK — Fuzzy Zone, ternary estimate valid"
Ibuprofen,HP-β-CD,Fuzzy-Strong,-0.1156,Triethanolamine,amine,-1.735,2483.3,9760.6,3.93,-3.39,True,descriptor,True,"OK — Fuzzy Zone, ternary estimate valid"
Ibuprofen,HP-β-CD,Fuzzy-Strong,-0.1156,Citric acid,organic acid,-1.888,2483.3,9646.1,3.88,-3.36,True,descriptor,True,"OK — Fuzzy Zone, ternary estimate valid"
Ibuprofen,HP-β-CD,Fuzzy-Strong,-0.1156,Tartaric acid,organic acid,-2.123,2483.3,9472.8,3.81,-3.32,True,descriptor,True,"OK — Fuzzy Zone, ternary estimate valid"
Ibuprofen,HP-β-CD,Fuzzy-Strong,-0.1156,Tromethamine,buffer amine,-2.339,2483.3,9315.8,3.75,-3.28,True,descriptor,True,"OK — Fuzzy Zone, ternary estimate valid"
Ibuprofen,HP-β-CD,Fuzzy-Strong,-0.1156,Meglumine,sugar amine,-3.619,2483.3,8439.8,3.4,-3.03,True,descriptor,True,"OK — Fuzzy Zone, ternary estimate valid"
Ibuprofen,HP-β-CD,Fuzzy-Strong,-0.1156,HPMC E5,polymer,polymer,2483.3,10156.3,4.09,-3.49,False,constant,True,"OK — Fuzzy Zone, ternary estimate valid"
Ibuprofen,HP-β-CD,Fuzzy-Strong,-0.1156,HPMC K15M,polymer,polymer,2483.3,10156.3,4.09,-3.49,False,constant,True,"OK — Fuzzy Zone, ternary estimate valid"
Ibuprofen,HP-β-CD,Fuzzy-Strong,-0.1156,PVP K30,polymer,polymer,2483.3,10156.3,4.09,-3.49,False,constant,True,"OK — Fuzzy Zone, ternary estimate valid"
Ibuprofen,HP-β-CD,Fuzzy-Strong,-0.1156,PEG 4000,polymer,polymer,2483.3,10156.3,4.09,-3.49,False,constant,True,"OK — Fuzzy Zone, ternary estimate valid"
Ibuprofen,HP-β-CD,Fuzzy-Strong,-0.1156,Poloxamer 188,polymer,polymer,2483.3,10156.3,4.09,-3.49,False,constant,True,"OK — Fuzzy Zone, ternary estimate valid"
Diclofenac,α-CD,Fuzzy-Weak,0.6428,Nicotinamide,hydrotrope,0.18,528.1,2406.1,4.56,-3.76,True,descriptor,True,"OK — Fuzzy Zone, ternary estimate valid"
Diclofenac,α-CD,Fuzzy-Weak,0.6428,Succinic acid,organic acid,-0.064,528.1,2361.1,4.47,-3.71,True,descriptor,True,"OK — Fuzzy Zone, ternary estimate valid"
Diclofenac,α-CD,Fuzzy-Weak,0.6428,L-Proline,amino acid,-0.177,528.1,2340.6,4.43,-3.69,True,descriptor,True,"OK — Fuzzy Zone, ternary estimate valid"
Diclofenac,α-CD,Fuzzy-Weak,0.6428,L-Lysine,amino acid,-0.473,528.1,2287.8,4.33,-3.63,True,descriptor,True,"OK — Fuzzy Zone, ternary estimate valid"
Diclofenac,α-CD,Fuzzy-Weak,0.6428,L-Histidine,amino acid,-0.636,528.1,2259.2,4.28,-3.6,True,descriptor,True,"OK — Fuzzy Zone, ternary estimate valid"
Diclofenac,α-CD,Fuzzy-Weak,0.6428,Glycine,amino acid,-0.97,528.1,2201.7,4.17,-3.54,True,descriptor,True,"OK — Fuzzy Zone, ternary estimate valid"
Diclofenac,α-CD,Fuzzy-Weak,0.6428,Urea,hydrotrope,-0.976,528.1,2200.7,4.17,-3.54,True,descriptor,True,"OK — Fuzzy Zone, ternary estimate valid"
Diclofenac,α-CD,Fuzzy-Weak,0.6428,Caffeine,hydrotrope,-1.029,528.1,2191.7,4.15,-3.53,True,descriptor,True,"OK — Fuzzy Zone, ternary estimate valid"
Diclofenac,α-CD,Fuzzy-Weak,0.6428,L-Arginine,amino acid,-1.338,528.1,2140.0,4.05,-3.47,True,descriptor,True,"OK — Fuzzy Zone, ternary estimate valid"
Diclofenac,α-CD,Fuzzy-Weak,0.6428,L-Glutamine,amino acid,-1.336,528.1,2140.4,4.05,-3.47,True,descriptor,True,"OK — Fuzzy Zone, ternary estimate valid"
Diclofenac,α-CD,Fuzzy-Weak,0.6428,Triethanolamine,amine,-1.735,528.1,2075.6,3.93,-3.39,True,descriptor,True,"OK — Fuzzy Zone, ternary estimate valid"
Diclofenac,α-CD,Fuzzy-Weak,0.6428,Citric acid,organic acid,-1.888,528.1,2051.2,3.88,-3.36,True,descriptor,True,"OK — Fuzzy Zone, ternary estimate valid"
Diclofenac,α-CD,Fuzzy-Weak,0.6428,Tartaric acid,organic acid,-2.123,528.1,2014.4,3.81,-3.32,True,descriptor,True,"OK — Fuzzy Zone, ternary estimate valid"
Diclofenac,α-CD,Fuzzy-Weak,0.6428,Tromethamine,buffer amine,-2.339,528.1,1981.0,3.75,-3.28,True,descriptor,True,"OK — Fuzzy Zone, ternary estimate valid"
Diclofenac,α-CD,Fuzzy-Weak,0.6428,Meglumine,sugar amine,-3.619,528.1,1794.7,3.4,-3.03,True,descriptor,True,"OK — Fuzzy Zone, ternary estimate valid"
Diclofenac,α-CD,Fuzzy-Weak,0.6428,HPMC E5,polymer,polymer,528.1,2159.7,4.09,-3.49,True,constant,True,"OK — Fuzzy Zone, ternary estimate valid"
Diclofenac,α-CD,Fuzzy-Weak,0.6428,HPMC K15M,polymer,polymer,528.1,2159.7,4.09,-3.49,True,constant,True,"OK — Fuzzy Zone, ternary estimate valid"
Diclofenac,α-CD,Fuzzy-Weak,0.6428,PVP K30,polymer,polymer,528.1,2159.7,4.09,-3.49,True,constant,True,"OK — Fuzzy Zone, ternary estimate valid"
Diclofenac,α-CD,Fuzzy-Weak,0.6428,PEG 4000,polymer,polymer,528.1,2159.7,4.09,-3.49,True,constant,True,"OK — Fuzzy Zone, ternary estimate valid"
Diclofenac,α-CD,Fuzzy-Weak,0.6428,Poloxamer 188,polymer,polymer,528.1,2159.7,4.09,-3.49,True,constant,True,"OK — Fuzzy Zone, ternary estimate valid"
Diclofenac,β-CD,Fuzzy-Weak,1.2506,Nicotinamide,hydrotrope,0.18,152.7,695.8,4.56,-3.76,True,descriptor,True,"OK — Fuzzy Zone, ternary estimate valid"
Diclofenac,β-CD,Fuzzy-Weak,1.2506,Succinic acid,organic acid,-0.064,152.7,682.8,4.47,-3.71,True,descriptor,True,"OK — Fuzzy Zone, ternary estimate valid"
Diclofenac,β-CD,Fuzzy-Weak,1.2506,L-Proline,amino acid,-0.177,152.7,676.9,4.43,-3.69,True,descriptor,True,"OK — Fuzzy Zone, ternary estimate valid"
Diclofenac,β-CD,Fuzzy-Weak,1.2506,L-Lysine,amino acid,-0.473,152.7,661.6,4.33,-3.63,True,descriptor,True,"OK — Fuzzy Zone, ternary estimate valid"
Diclofenac,β-CD,Fuzzy-Weak,1.2506,L-Histidine,amino acid,-0.636,152.7,653.3,4.28,-3.6,True,descriptor,True,"OK — Fuzzy Zone, ternary estimate valid"
Diclofenac,β-CD,Fuzzy-Weak,1.2506,Glycine,amino acid,-0.97,152.7,636.7,4.17,-3.54,True,descriptor,True,"OK — Fuzzy Zone, ternary estimate valid"
Diclofenac,β-CD,Fuzzy-Weak,1.2506,Urea,hydrotrope,-0.976,152.7,636.4,4.17,-3.54,True,descriptor,True,"OK — Fuzzy Zone, ternary estimate valid"
Diclofenac,β-CD,Fuzzy-Weak,1.2506,Caffeine,hydrotrope,-1.029,152.7,633.8,4.15,-3.53,True,descriptor,True,"OK — Fuzzy Zone, ternary estimate valid"
Diclofenac,β-CD,Fuzzy-Weak,1.2506,L-Arginine,amino acid,-1.338,152.7,618.8,4.05,-3.47,True,descriptor,True,"OK — Fuzzy Zone, ternary estimate valid"
Diclofenac,β-CD,Fuzzy-Weak,1.2506,L-Glutamine,amino acid,-1.336,152.7,619.0,4.05,-3.47,True,descriptor,True,"OK — Fuzzy Zone, ternary estimate valid"
Diclofenac,β-CD,Fuzzy-Weak,1.2506,Triethanolamine,amine,-1.735,152.7,600.2,3.93,-3.39,True,descriptor,True,"OK — Fuzzy Zone, ternary estimate valid"
Diclofenac,β-CD,Fuzzy-Weak,1.2506,Citric acid,organic acid,-1.888,152.7,593.2,3.88,-3.36,True,descriptor,True,"OK — Fuzzy Zone, ternary estimate valid"
Diclofenac,β-CD,Fuzzy-Weak,1.2506,Tartaric acid,organic acid,-2.123,152.7,582.5,3.81,-3.32,True,descriptor,True,"OK — Fuzzy Zone, ternary estimate valid"
Diclofenac,β-CD,Fuzzy-Weak,1.2506,Tromethamine,buffer amine,-2.339,152.7,572.9,3.75,-3.28,True,descriptor,True,"OK — Fuzzy Zone, ternary estimate valid"
Diclofenac,β-CD,Fuzzy-Weak,1.2506,Meglumine,sugar amine,-3.619,152.7,519.0,3.4,-3.03,True,descriptor,True,"OK — Fuzzy Zone, ternary estimate valid"
Diclofenac,β-CD,Fuzzy-Weak,1.2506,HPMC E5,polymer,polymer,152.7,624.6,4.09,-3.49,True,constant,True,"OK — Fuzzy Zone, ternary estimate valid"
Diclofenac,β-CD,Fuzzy-Weak,1.2506,HPMC K15M,polymer,polymer,152.7,624.6,4.09,-3.49,True,constant,True,"OK — Fuzzy Zone, ternary estimate valid"
Diclofenac,β-CD,Fuzzy-Weak,1.2506,PVP K30,polymer,polymer,152.7,624.6,4.09,-3.49,True,constant,True,"OK — Fuzzy Zone, ternary estimate valid"
Diclofenac,β-CD,Fuzzy-Weak,1.2506,PEG 4000,polymer,polymer,152.7,624.6,4.09,-3.49,True,constant,True,"OK — Fuzzy Zone, ternary estimate valid"
Diclofenac,β-CD,Fuzzy-Weak,1.2506,Poloxamer 188,polymer,polymer,152.7,624.6,4.09,-3.49,True,constant,True,"OK — Fuzzy Zone, ternary estimate valid"
Diclofenac,γ-CD,Fuzzy-Weak,1.3977,Nicotinamide,hydrotrope,0.18,113.1,515.3,4.56,-3.76,True,descriptor,True,"OK — Fuzzy Zone, ternary estimate valid"
Diclofenac,γ-CD,Fuzzy-Weak,1.3977,Succinic acid,organic acid,-0.064,113.1,505.7,4.47,-3.71,True,descriptor,True,"OK — Fuzzy Zone, ternary estimate valid"
Diclofenac,γ-CD,Fuzzy-Weak,1.3977,L-Proline,amino acid,-0.177,113.1,501.3,4.43,-3.69,True,descriptor,True,"OK — Fuzzy Zone, ternary estimate valid"
Diclofenac,γ-CD,Fuzzy-Weak,1.3977,L-Lysine,amino acid,-0.473,113.1,490.0,4.33,-3.63,True,descriptor,True,"OK — Fuzzy Zone, ternary estimate valid"
Diclofenac,γ-CD,Fuzzy-Weak,1.3977,L-Histidine,amino acid,-0.636,113.1,483.9,4.28,-3.6,True,descriptor,True,"OK — Fuzzy Zone, ternary estimate valid"
Diclofenac,γ-CD,Fuzzy-Weak,1.3977,Glycine,amino acid,-0.97,113.1,471.5,4.17,-3.54,True,descriptor,True,"OK — Fuzzy Zone, ternary estimate valid"
Diclofenac,γ-CD,Fuzzy-Weak,1.3977,Urea,hydrotrope,-0.976,113.1,471.3,4.17,-3.54,True,descriptor,True,"OK — Fuzzy Zone, ternary estimate valid"
Diclofenac,γ-CD,Fuzzy-Weak,1.3977,Caffeine,hydrotrope,-1.029,113.1,469.4,4.15,-3.53,True,descriptor,True,"OK — Fuzzy Zone, ternary estimate valid"
Diclofenac,γ-CD,Fuzzy-Weak,1.3977,L-Arginine,amino acid,-1.338,113.1,458.3,4.05,-3.47,True,descriptor,True,"OK — Fuzzy Zone, ternary estimate valid"
Diclofenac,γ-CD,Fuzzy-Weak,1.3977,L-Glutamine,amino acid,-1.336,113.1,458.4,4.05,-3.47,True,descriptor,True,"OK — Fuzzy Zone, ternary estimate valid"
Diclofenac,γ-CD,Fuzzy-Weak,1.3977,Triethanolamine,amine,-1.735,113.1,444.5,3.93,-3.39,True,descriptor,True,"OK — Fuzzy Zone, ternary estimate valid"
Diclofenac,γ-CD,Fuzzy-Weak,1.3977,Citric acid,organic acid,-1.888,113.1,439.3,3.88,-3.36,True,descriptor,True,"OK — Fuzzy Zone, ternary estimate valid"
Diclofenac,γ-CD,Fuzzy-Weak,1.3977,Tartaric acid,organic acid,-2.123,113.1,431.4,3.81,-3.32,True,descriptor,True,"OK — Fuzzy Zone, ternary estimate valid"
Diclofenac,γ-CD,Fuzzy-Weak,1.3977,Tromethamine,buffer amine,-2.339,113.1,424.3,3.75,-3.28,True,descriptor,True,"OK — Fuzzy Zone, ternary estimate valid"
Diclofenac,γ-CD,Fuzzy-Weak,1.3977,Meglumine,sugar amine,-3.619,113.1,384.4,3.4,-3.03,True,descriptor,True,"OK — Fuzzy Zone, ternary estimate valid"
Diclofenac,γ-CD,Fuzzy-Weak,1.3977,HPMC E5,polymer,polymer,113.1,462.6,4.09,-3.49,True,constant,True,"OK — Fuzzy Zone, ternary estimate valid"
Diclofenac,γ-CD,Fuzzy-Weak,1.3977,HPMC K15M,polymer,polymer,113.1,462.6,4.09,-3.49,True,constant,True,"OK — Fuzzy Zone, ternary estimate valid"
Diclofenac,γ-CD,Fuzzy-Weak,1.3977,PVP K30,polymer,polymer,113.1,462.6,4.09,-3.49,True,constant,True,"OK — Fuzzy Zone, ternary estimate valid"
Diclofenac,γ-CD,Fuzzy-Weak,1.3977,PEG 4000,polymer,polymer,113.1,462.6,4.09,-3.49,True,constant,True,"OK — Fuzzy Zone, ternary estimate valid"
Diclofenac,γ-CD,Fuzzy-Weak,1.3977,Poloxamer 188,polymer,polymer,113.1,462.6,4.09,-3.49,True,constant,True,"OK — Fuzzy Zone, ternary estimate valid"
Diclofenac,HP-β-CD,Fuzzy-Weak,1.3424,Nicotinamide,hydrotrope,0.18,126.6,576.9,4.56,-3.76,True,descriptor,True,"OK — Fuzzy Zone, ternary estimate valid"
Diclofenac,HP-β-CD,Fuzzy-Weak,1.3424,Succinic acid,organic acid,-0.064,126.6,566.1,4.47,-3.71,True,descriptor,True,"OK — Fuzzy Zone, ternary estimate valid"
Diclofenac,HP-β-CD,Fuzzy-Weak,1.3424,L-Proline,amino acid,-0.177,126.6,561.2,4.43,-3.69,True,descriptor,True,"OK — Fuzzy Zone, ternary estimate valid"
Diclofenac,HP-β-CD,Fuzzy-Weak,1.3424,L-Lysine,amino acid,-0.473,126.6,548.5,4.33,-3.63,True,descriptor,True,"OK — Fuzzy Zone, ternary estimate valid"
Diclofenac,HP-β-CD,Fuzzy-Weak,1.3424,L-Histidine,amino acid,-0.636,126.6,541.7,4.28,-3.6,True,descriptor,True,"OK — Fuzzy Zone, ternary estimate valid"
Diclofenac,HP-β-CD,Fuzzy-Weak,1.3424,Glycine,amino acid,-0.97,126.6,527.9,4.17,-3.54,True,descriptor,True,"OK — Fuzzy Zone, ternary estimate valid"
Diclofenac,HP-β-CD,Fuzzy-Weak,1.3424,Urea,hydrotrope,-0.976,126.6,527.6,4.17,-3.54,True,descriptor,True,"OK — Fuzzy Zone, ternary estimate valid"
Diclofenac,HP-β-CD,Fuzzy-Weak,1.3424,Caffeine,hydrotrope,-1.029,126.6,525.5,4.15,-3.53,True,descriptor,True,"OK — Fuzzy Zone, ternary estimate valid"
Diclofenac,HP-β-CD,Fuzzy-Weak,1.3424,L-Arginine,amino acid,-1.338,126.6,513.1,4.05,-3.47,True,descriptor,True,"OK — Fuzzy Zone, ternary estimate valid"
Diclofenac,HP-β-CD,Fuzzy-Weak,1.3424,L-Glutamine,amino acid,-1.336,126.6,513.2,4.05,-3.47,True,descriptor,True,"OK — Fuzzy Zone, ternary estimate valid"
Diclofenac,HP-β-CD,Fuzzy-Weak,1.3424,Triethanolamine,amine,-1.735,126.6,497.6,3.93,-3.39,True,descriptor,True,"OK — Fuzzy Zone, ternary estimate valid"
Diclofenac,HP-β-CD,Fuzzy-Weak,1.3424,Citric acid,organic acid,-1.888,126.6,491.8,3.88,-3.36,True,descriptor,True,"OK — Fuzzy Zone, ternary estimate valid"
Diclofenac,HP-β-CD,Fuzzy-Weak,1.3424,Tartaric acid,organic acid,-2.123,126.6,483.0,3.81,-3.32,True,descriptor,True,"OK — Fuzzy Zone, ternary estimate valid"
Diclofenac,HP-β-CD,Fuzzy-Weak,1.3424,Tromethamine,buffer amine,-2.339,126.6,475.0,3.75,-3.28,True,descriptor,True,"OK — Fuzzy Zone, ternary estimate valid"
Diclofenac,HP-β-CD,Fuzzy-Weak,1.3424,Meglumine,sugar amine,-3.619,126.6,430.3,3.4,-3.03,True,descriptor,True,"OK — Fuzzy Zone, ternary estimate valid"
Diclofenac,HP-β-CD,Fuzzy-Weak,1.3424,HPMC E5,polymer,polymer,126.6,517.8,4.09,-3.49,True,constant,True,"OK — Fuzzy Zone, ternary estimate valid"
Diclofenac,HP-β-CD,Fuzzy-Weak,1.3424,HPMC K15M,polymer,polymer,126.6,517.8,4.09,-3.49,True,constant,True,"OK — Fuzzy Zone, ternary estimate valid"
Diclofenac,HP-β-CD,Fuzzy-Weak,1.3424,PVP K30,polymer,polymer,126.6,517.8,4.09,-3.49,True,constant,True,"OK — Fuzzy Zone, ternary estimate valid"
Diclofenac,HP-β-CD,Fuzzy-Weak,1.3424,PEG 4000,polymer,polymer,126.6,517.8,4.09,-3.49,True,constant,True,"OK — Fuzzy Zone, ternary estimate valid"
Diclofenac,HP-β-CD,Fuzzy-Weak,1.3424,Poloxamer 188,polymer,polymer,126.6,517.8,4.09,-3.49,True,constant,True,"OK — Fuzzy Zone, ternary estimate valid"
Ketoprofen,α-CD,Fuzzy-Weak,1.348,Nicotinamide,hydrotrope,0.18,125.2,570.3,4.56,-3.76,True,descriptor,True,"OK — Fuzzy Zone, ternary estimate valid"
Ketoprofen,α-CD,Fuzzy-Weak,1.348,Succinic acid,organic acid,-0.064,125.2,559.7,4.47,-3.71,True,descriptor,True,"OK — Fuzzy Zone, ternary estimate valid"
Ketoprofen,α-CD,Fuzzy-Weak,1.348,L-Proline,amino acid,-0.177,125.2,554.8,4.43,-3.69,True,descriptor,True,"OK — Fuzzy Zone, ternary estimate valid"
Ketoprofen,α-CD,Fuzzy-Weak,1.348,L-Lysine,amino acid,-0.473,125.2,542.3,4.33,-3.63,True,descriptor,True,"OK — Fuzzy Zone, ternary estimate valid"
Ketoprofen,α-CD,Fuzzy-Weak,1.348,L-Histidine,amino acid,-0.636,125.2,535.5,4.28,-3.6,True,descriptor,True,"OK — Fuzzy Zone, ternary estimate valid"
Ketoprofen,α-CD,Fuzzy-Weak,1.348,Glycine,amino acid,-0.97,125.2,521.9,4.17,-3.54,True,descriptor,True,"OK — Fuzzy Zone, ternary estimate valid"
Ketoprofen,α-CD,Fuzzy-Weak,1.348,Urea,hydrotrope,-0.976,125.2,521.6,4.17,-3.54,True,descriptor,True,"OK — Fuzzy Zone, ternary estimate valid"
Ketoprofen,α-CD,Fuzzy-Weak,1.348,Caffeine,hydrotrope,-1.029,125.2,519.5,4.15,-3.53,True,descriptor,True,"OK — Fuzzy Zone, ternary estimate valid"
Ketoprofen,α-CD,Fuzzy-Weak,1.348,L-Arginine,amino acid,-1.338,125.2,507.3,4.05,-3.47,True,descriptor,True,"OK — Fuzzy Zone, ternary estimate valid"
Ketoprofen,α-CD,Fuzzy-Weak,1.348,L-Glutamine,amino acid,-1.336,125.2,507.4,4.05,-3.47,True,descriptor,True,"OK — Fuzzy Zone, ternary estimate valid"
Ketoprofen,α-CD,Fuzzy-Weak,1.348,Triethanolamine,amine,-1.735,125.2,492.0,3.93,-3.39,True,descriptor,True,"OK — Fuzzy Zone, ternary estimate valid"
Ketoprofen,α-CD,Fuzzy-Weak,1.348,Citric acid,organic acid,-1.888,125.2,486.2,3.88,-3.36,True,descriptor,True,"OK — Fuzzy Zone, ternary estimate valid"
Ketoprofen,α-CD,Fuzzy-Weak,1.348,Tartaric acid,organic acid,-2.123,125.2,477.5,3.81,-3.32,True,descriptor,True,"OK — Fuzzy Zone, ternary estimate valid"
Ketoprofen,α-CD,Fuzzy-Weak,1.348,Tromethamine,buffer amine,-2.339,125.2,469.6,3.75,-3.28,True,descriptor,True,"OK — Fuzzy Zone, ternary estimate valid"
Ketoprofen,α-CD,Fuzzy-Weak,1.348,Meglumine,sugar amine,-3.619,125.2,425.4,3.4,-3.03,True,descriptor,True,"OK — Fuzzy Zone, ternary estimate valid"
Ketoprofen,α-CD,Fuzzy-Weak,1.348,HPMC E5,polymer,polymer,125.2,511.9,4.09,-3.49,True,constant,True,"OK — Fuzzy Zone, ternary estimate valid"
Ketoprofen,α-CD,Fuzzy-Weak,1.348,HPMC K15M,polymer,polymer,125.2,511.9,4.09,-3.49,True,constant,True,"OK — Fuzzy Zone, ternary estimate valid"
Ketoprofen,α-CD,Fuzzy-Weak,1.348,PVP K30,polymer,polymer,125.2,511.9,4.09,-3.49,True,constant,True,"OK — Fuzzy Zone, ternary estimate valid"
Ketoprofen,α-CD,Fuzzy-Weak,1.348,PEG 4000,polymer,polymer,125.2,511.9,4.09,-3.49,True,constant,True,"OK — Fuzzy Zone, ternary estimate valid"
Ketoprofen,α-CD,Fuzzy-Weak,1.348,Poloxamer 188,polymer,polymer,125.2,511.9,4.09,-3.49,True,constant,True,"OK — Fuzzy Zone, ternary estimate valid"
Ketoprofen,β-CD,Fuzzy-Weak,0.5952,Nicotinamide,hydrotrope,0.18,582.0,2651.6,4.56,-3.76,True,descriptor,True,"OK — Fuzzy Zone, ternary estimate valid"
Ketoprofen,β-CD,Fuzzy-Weak,0.5952,Succinic acid,organic acid,-0.064,582.0,2602.0,4.47,-3.71,True,descriptor,True,"OK — Fuzzy Zone, ternary estimate valid"
Ketoprofen,β-CD,Fuzzy-Weak,0.5952,L-Proline,amino acid,-0.177,582.0,2579.5,4.43,-3.69,True,descriptor,True,"OK — Fuzzy Zone, ternary estimate valid"
Ketoprofen,β-CD,Fuzzy-Weak,0.5952,L-Lysine,amino acid,-0.473,582.0,2521.3,4.33,-3.63,True,descriptor,True,"OK — Fuzzy Zone, ternary estimate valid"
Ketoprofen,β-CD,Fuzzy-Weak,0.5952,L-Histidine,amino acid,-0.636,582.0,2489.7,4.28,-3.6,True,descriptor,True,"OK — Fuzzy Zone, ternary estimate valid"
Ketoprofen,β-CD,Fuzzy-Weak,0.5952,Glycine,amino acid,-0.97,582.0,2426.3,4.17,-3.54,True,descriptor,True,"OK — Fuzzy Zone, ternary estimate valid"
Ketoprofen,β-CD,Fuzzy-Weak,0.5952,Urea,hydrotrope,-0.976,582.0,2425.2,4.17,-3.54,True,descriptor,True,"OK — Fuzzy Zone, ternary estimate valid"
Ketoprofen,β-CD,Fuzzy-Weak,0.5952,Caffeine,hydrotrope,-1.029,582.0,2415.3,4.15,-3.53,True,descriptor,True,"OK — Fuzzy Zone, ternary estimate valid"
Ketoprofen,β-CD,Fuzzy-Weak,0.5952,L-Arginine,amino acid,-1.338,582.0,2358.4,4.05,-3.47,True,descriptor,True,"OK — Fuzzy Zone, ternary estimate valid"
Ketoprofen,β-CD,Fuzzy-Weak,0.5952,L-Glutamine,amino acid,-1.336,582.0,2358.8,4.05,-3.47,True,descriptor,True,"OK — Fuzzy Zone, ternary estimate valid"
Ketoprofen,β-CD,Fuzzy-Weak,0.5952,Triethanolamine,amine,-1.735,582.0,2287.4,3.93,-3.39,True,descriptor,True,"OK — Fuzzy Zone, ternary estimate valid"
Ketoprofen,β-CD,Fuzzy-Weak,0.5952,Citric acid,organic acid,-1.888,582.0,2260.5,3.88,-3.36,True,descriptor,True,"OK — Fuzzy Zone, ternary estimate valid"
Ketoprofen,β-CD,Fuzzy-Weak,0.5952,Tartaric acid,organic acid,-2.123,582.0,2219.9,3.81,-3.32,True,descriptor,True,"OK — Fuzzy Zone, ternary estimate valid"
Ketoprofen,β-CD,Fuzzy-Weak,0.5952,Tromethamine,buffer amine,-2.339,582.0,2183.1,3.75,-3.28,True,descriptor,True,"OK — Fuzzy Zone, ternary estimate valid"
Ketoprofen,β-CD,Fuzzy-Weak,0.5952,Meglumine,sugar amine,-3.619,582.0,1977.8,3.4,-3.03,True,descriptor,True,"OK — Fuzzy Zone, ternary estimate valid"
Ketoprofen,β-CD,Fuzzy-Weak,0.5952,HPMC E5,polymer,polymer,582.0,2380.1,4.09,-3.49,True,constant,True,"OK — Fuzzy Zone, ternary estimate valid"
Ketoprofen,β-CD,Fuzzy-Weak,0.5952,HPMC K15M,polymer,polymer,582.0,2380.1,4.09,-3.49,True,constant,True,"OK — Fuzzy Zone, ternary estimate valid"
Ketoprofen,β-CD,Fuzzy-Weak,0.5952,PVP K30,polymer,polymer,582.0,2380.1,4.09,-3.49,True,constant,True,"OK — Fuzzy Zone, ternary estimate valid"
Ketoprofen,β-CD,Fuzzy-Weak,0.5952,PEG 4000,polymer,polymer,582.0,2380.1,4.09,-3.49,True,constant,True,"OK — Fuzzy Zone, ternary estimate valid"
Ketoprofen,β-CD,Fuzzy-Weak,0.5952,Poloxamer 188,polymer,polymer,582.0,2380.1,4.09,-3.49,True,constant,True,"OK — Fuzzy Zone, ternary estimate valid"
Ketoprofen,γ-CD,Weak (High conf),1.7637,Nicotinamide,hydrotrope,0.18,53.6,244.1,4.56,-3.76,True,descriptor,False,"SKIP — Weak (High conf): K<100, drug-CD mismatch, coformer ineffective"
Ketoprofen,γ-CD,Weak (High conf),1.7637,Succinic acid,organic acid,-0.064,53.6,239.6,4.47,-3.71,True,descriptor,False,"SKIP — Weak (High conf): K<100, drug-CD mismatch, coformer ineffective"
Ketoprofen,γ-CD,Weak (High conf),1.7637,L-Proline,amino acid,-0.177,53.6,237.5,4.43,-3.69,True,descriptor,False,"SKIP — Weak (High conf): K<100, drug-CD mismatch, coformer ineffective"
Ketoprofen,γ-CD,Weak (High conf),1.7637,L-Lysine,amino acid,-0.473,53.6,232.1,4.33,-3.63,True,descriptor,False,"SKIP — Weak (High conf): K<100, drug-CD mismatch, coformer ineffective"
Ketoprofen,γ-CD,Weak (High conf),1.7637,L-Histidine,amino acid,-0.636,53.6,229.2,4.28,-3.6,True,descriptor,False,"SKIP — Weak (High conf): K<100, drug-CD mismatch, coformer ineffective"
Ketoprofen,γ-CD,Weak (High conf),1.7637,Glycine,amino acid,-0.97,53.6,223.4,4.17,-3.54,True,descriptor,False,"SKIP — Weak (High conf): K<100, drug-CD mismatch, coformer ineffective"
Ketoprofen,γ-CD,Weak (High conf),1.7637,Urea,hydrotrope,-0.976,53.6,223.3,4.17,-3.54,True,descriptor,False,"SKIP — Weak (High conf): K<100, drug-CD mismatch, coformer ineffective"
Ketoprofen,γ-CD,Weak (High conf),1.7637,Caffeine,hydrotrope,-1.029,53.6,222.4,4.15,-3.53,True,descriptor,False,"SKIP — Weak (High conf): K<100, drug-CD mismatch, coformer ineffective"
Ketoprofen,γ-CD,Weak (High conf),1.7637,L-Arginine,amino acid,-1.338,53.6,217.1,4.05,-3.47,True,descriptor,False,"SKIP — Weak (High conf): K<100, drug-CD mismatch, coformer ineffective"
Ketoprofen,γ-CD,Weak (High conf),1.7637,L-Glutamine,amino acid,-1.336,53.6,217.2,4.05,-3.47,True,descriptor,False,"SKIP — Weak (High conf): K<100, drug-CD mismatch, coformer ineffective"
Ketoprofen,γ-CD,Weak (High conf),1.7637,Triethanolamine,amine,-1.735,53.6,210.6,3.93,-3.39,True,descriptor,False,"SKIP — Weak (High conf): K<100, drug-CD mismatch, coformer ineffective"
Ketoprofen,γ-CD,Weak (High conf),1.7637,Citric acid,organic acid,-1.888,53.6,208.1,3.88,-3.36,True,descriptor,False,"SKIP — Weak (High conf): K<100, drug-CD mismatch, coformer ineffective"
Ketoprofen,γ-CD,Weak (High conf),1.7637,Tartaric acid,organic acid,-2.123,53.6,204.4,3.81,-3.32,True,descriptor,False,"SKIP — Weak (High conf): K<100, drug-CD mismatch, coformer ineffective"
Ketoprofen,γ-CD,Weak (High conf),1.7637,Tromethamine,buffer amine,-2.339,53.6,201.0,3.75,-3.28,True,descriptor,False,"SKIP — Weak (High conf): K<100, drug-CD mismatch, coformer ineffective"
Ketoprofen,γ-CD,Weak (High conf),1.7637,Meglumine,sugar amine,-3.619,53.6,182.1,3.4,-3.03,True,descriptor,False,"SKIP — Weak (High conf): K<100, drug-CD mismatch, coformer ineffective"
Ketoprofen,γ-CD,Weak (High conf),1.7637,HPMC E5,polymer,polymer,53.6,219.1,4.09,-3.49,True,constant,False,"SKIP — Weak (High conf): K<100, drug-CD mismatch, coformer ineffective"
Ketoprofen,γ-CD,Weak (High conf),1.7637,HPMC K15M,polymer,polymer,53.6,219.1,4.09,-3.49,True,constant,False,"SKIP — Weak (High conf): K<100, drug-CD mismatch, coformer ineffective"
Ketoprofen,γ-CD,Weak (High conf),1.7637,PVP K30,polymer,polymer,53.6,219.1,4.09,-3.49,True,constant,False,"SKIP — Weak (High conf): K<100, drug-CD mismatch, coformer ineffective"
Ketoprofen,γ-CD,Weak (High conf),1.7637,PEG 4000,polymer,polymer,53.6,219.1,4.09,-3.49,True,constant,False,"SKIP — Weak (High conf): K<100, drug-CD mismatch, coformer ineffective"
Ketoprofen,γ-CD,Weak (High conf),1.7637,Poloxamer 188,polymer,polymer,53.6,219.1,4.09,-3.49,True,constant,False,"SKIP — Weak (High conf): K<100, drug-CD mismatch, coformer ineffective"
Ketoprofen,HP-β-CD,Fuzzy-Strong,-0.4077,Nicotinamide,hydrotrope,0.18,4508.1,20540.4,4.56,-3.76,False,descriptor,True,"OK — Fuzzy Zone, ternary estimate valid"
Ketoprofen,HP-β-CD,Fuzzy-Strong,-0.4077,Succinic acid,organic acid,-0.064,4508.1,20156.2,4.47,-3.71,False,descriptor,True,"OK — Fuzzy Zone, ternary estimate valid"
Ketoprofen,HP-β-CD,Fuzzy-Strong,-0.4077,L-Proline,amino acid,-0.177,4508.1,19981.5,4.43,-3.69,False,descriptor,True,"OK — Fuzzy Zone, ternary estimate valid"
Ketoprofen,HP-β-CD,Fuzzy-Strong,-0.4077,L-Lysine,amino acid,-0.473,4508.1,19530.8,4.33,-3.63,False,descriptor,True,"OK — Fuzzy Zone, ternary estimate valid"
Ketoprofen,HP-β-CD,Fuzzy-Strong,-0.4077,L-Histidine,amino acid,-0.636,4508.1,19286.4,4.28,-3.6,False,descriptor,True,"OK — Fuzzy Zone, ternary estimate valid"
Ketoprofen,HP-β-CD,Fuzzy-Strong,-0.4077,Glycine,amino acid,-0.97,4508.1,18795.1,4.17,-3.54,False,descriptor,True,"OK — Fuzzy Zone, ternary estimate valid"
Ketoprofen,HP-β-CD,Fuzzy-Strong,-0.4077,Urea,hydrotrope,-0.976,4508.1,18786.6,4.17,-3.54,False,descriptor,True,"OK — Fuzzy Zone, ternary estimate valid"
Ketoprofen,HP-β-CD,Fuzzy-Strong,-0.4077,Caffeine,hydrotrope,-1.029,4508.1,18709.7,4.15,-3.53,False,descriptor,True,"OK — Fuzzy Zone, ternary estimate valid"
Ketoprofen,HP-β-CD,Fuzzy-Strong,-0.4077,L-Arginine,amino acid,-1.338,4508.1,18268.7,4.05,-3.47,False,descriptor,True,"OK — Fuzzy Zone, ternary estimate valid"
Ketoprofen,HP-β-CD,Fuzzy-Strong,-0.4077,L-Glutamine,amino acid,-1.336,4508.1,18271.9,4.05,-3.47,False,descriptor,True,"OK — Fuzzy Zone, ternary estimate valid"
Ketoprofen,HP-β-CD,Fuzzy-Strong,-0.4077,Triethanolamine,amine,-1.735,4508.1,17718.6,3.93,-3.39,False,descriptor,True,"OK — Fuzzy Zone, ternary estimate valid"
Ketoprofen,HP-β-CD,Fuzzy-Strong,-0.4077,Citric acid,organic acid,-1.888,4508.1,17510.8,3.88,-3.36,False,descriptor,True,"OK — Fuzzy Zone, ternary estimate valid"
Ketoprofen,HP-β-CD,Fuzzy-Strong,-0.4077,Tartaric acid,organic acid,-2.123,4508.1,17196.1,3.81,-3.32,False,descriptor,True,"OK — Fuzzy Zone, ternary estimate valid"
Ketoprofen,HP-β-CD,Fuzzy-Strong,-0.4077,Tromethamine,buffer amine,-2.339,4508.1,16911.1,3.75,-3.28,False,descriptor,True,"OK — Fuzzy Zone, ternary estimate valid"
Ketoprofen,HP-β-CD,Fuzzy-Strong,-0.4077,Meglumine,sugar amine,-3.619,4508.1,15320.9,3.4,-3.03,False,descriptor,True,"OK — Fuzzy Zone, ternary estimate valid"
Ketoprofen,HP-β-CD,Fuzzy-Strong,-0.4077,HPMC E5,polymer,polymer,4508.1,18437.1,4.09,-3.49,False,constant,True,"OK — Fuzzy Zone, ternary estimate valid"
Ketoprofen,HP-β-CD,Fuzzy-Strong,-0.4077,HPMC K15M,polymer,polymer,4508.1,18437.1,4.09,-3.49,False,constant,True,"OK — Fuzzy Zone, ternary estimate valid"
Ketoprofen,HP-β-CD,Fuzzy-Strong,-0.4077,PVP K30,polymer,polymer,4508.1,18437.1,4.09,-3.49,False,constant,True,"OK — Fuzzy Zone, ternary estimate valid"
Ketoprofen,HP-β-CD,Fuzzy-Strong,-0.4077,PEG 4000,polymer,polymer,4508.1,18437.1,4.09,-3.49,False,constant,True,"OK — Fuzzy Zone, ternary estimate valid"
Ketoprofen,HP-β-CD,Fuzzy-Strong,-0.4077,Poloxamer 188,polymer,polymer,4508.1,18437.1,4.09,-3.49,False,constant,True,"OK — Fuzzy Zone, ternary estimate valid"
Aspirin,α-CD,Weak (High conf),1.7694,Nicotinamide,hydrotrope,0.18,53.0,241.3,4.56,-3.76,True,descriptor,False,"SKIP — Weak (High conf): K<100, drug-CD mismatch, coformer ineffective"
Aspirin,α-CD,Weak (High conf),1.7694,Succinic acid,organic acid,-0.064,53.0,236.8,4.47,-3.71,True,descriptor,False,"SKIP — Weak (High conf): K<100, drug-CD mismatch, coformer ineffective"
Aspirin,α-CD,Weak (High conf),1.7694,L-Proline,amino acid,-0.177,53.0,234.7,4.43,-3.69,True,descriptor,False,"SKIP — Weak (High conf): K<100, drug-CD mismatch, coformer ineffective"
Aspirin,α-CD,Weak (High conf),1.7694,L-Lysine,amino acid,-0.473,53.0,229.4,4.33,-3.63,True,descriptor,False,"SKIP — Weak (High conf): K<100, drug-CD mismatch, coformer ineffective"
Aspirin,α-CD,Weak (High conf),1.7694,L-Histidine,amino acid,-0.636,53.0,226.6,4.28,-3.6,True,descriptor,False,"SKIP — Weak (High conf): K<100, drug-CD mismatch, coformer ineffective"
Aspirin,α-CD,Weak (High conf),1.7694,Glycine,amino acid,-0.97,53.0,220.8,4.17,-3.54,True,descriptor,False,"SKIP — Weak (High conf): K<100, drug-CD mismatch, coformer ineffective"
Aspirin,α-CD,Weak (High conf),1.7694,Urea,hydrotrope,-0.976,53.0,220.7,4.17,-3.54,True,descriptor,False,"SKIP — Weak (High conf): K<100, drug-CD mismatch, coformer ineffective"
Aspirin,α-CD,Weak (High conf),1.7694,Caffeine,hydrotrope,-1.029,53.0,219.8,4.15,-3.53,True,descriptor,False,"SKIP — Weak (High conf): K<100, drug-CD mismatch, coformer ineffective"
Aspirin,α-CD,Weak (High conf),1.7694,L-Arginine,amino acid,-1.338,53.0,214.6,4.05,-3.47,True,descriptor,False,"SKIP — Weak (High conf): K<100, drug-CD mismatch, coformer ineffective"
Aspirin,α-CD,Weak (High conf),1.7694,L-Glutamine,amino acid,-1.336,53.0,214.6,4.05,-3.47,True,descriptor,False,"SKIP — Weak (High conf): K<100, drug-CD mismatch, coformer ineffective"
Aspirin,α-CD,Weak (High conf),1.7694,Triethanolamine,amine,-1.735,53.0,208.1,3.93,-3.39,True,descriptor,False,"SKIP — Weak (High conf): K<100, drug-CD mismatch, coformer ineffective"
Aspirin,α-CD,Weak (High conf),1.7694,Citric acid,organic acid,-1.888,53.0,205.7,3.88,-3.36,True,descriptor,False,"SKIP — Weak (High conf): K<100, drug-CD mismatch, coformer ineffective"
Aspirin,α-CD,Weak (High conf),1.7694,Tartaric acid,organic acid,-2.123,53.0,202.0,3.81,-3.32,True,descriptor,False,"SKIP — Weak (High conf): K<100, drug-CD mismatch, coformer ineffective"
Aspirin,α-CD,Weak (High conf),1.7694,Tromethamine,buffer amine,-2.339,53.0,198.7,3.75,-3.28,True,descriptor,False,"SKIP — Weak (High conf): K<100, drug-CD mismatch, coformer ineffective"
Aspirin,α-CD,Weak (High conf),1.7694,Meglumine,sugar amine,-3.619,53.0,180.0,3.4,-3.03,True,descriptor,False,"SKIP — Weak (High conf): K<100, drug-CD mismatch, coformer ineffective"
Aspirin,α-CD,Weak (High conf),1.7694,HPMC E5,polymer,polymer,53.0,216.6,4.09,-3.49,True,constant,False,"SKIP — Weak (High conf): K<100, drug-CD mismatch, coformer ineffective"
Aspirin,α-CD,Weak (High conf),1.7694,HPMC K15M,polymer,polymer,53.0,216.6,4.09,-3.49,True,constant,False,"SKIP — Weak (High conf): K<100, drug-CD mismatch, coformer ineffective"
Aspirin,α-CD,Weak (High conf),1.7694,PVP K30,polymer,polymer,53.0,216.6,4.09,-3.49,True,constant,False,"SKIP — Weak (High conf): K<100, drug-CD mismatch, coformer ineffective"
Aspirin,α-CD,Weak (High conf),1.7694,PEG 4000,polymer,polymer,53.0,216.6,4.09,-3.49,True,constant,False,"SKIP — Weak (High conf): K<100, drug-CD mismatch, coformer ineffective"
Aspirin,α-CD,Weak (High conf),1.7694,Poloxamer 188,polymer,polymer,53.0,216.6,4.09,-3.49,True,constant,False,"SKIP — Weak (High conf): K<100, drug-CD mismatch, coformer ineffective"
Aspirin,β-CD,Fuzzy-Weak,1.2255,Nicotinamide,hydrotrope,0.18,160.7,732.4,4.56,-3.76,True,descriptor,True,"OK — Fuzzy Zone, ternary estimate valid"
Aspirin,β-CD,Fuzzy-Weak,1.2255,Succinic acid,organic acid,-0.064,160.7,718.7,4.47,-3.71,True,descriptor,True,"OK — Fuzzy Zone, ternary estimate valid"
Aspirin,β-CD,Fuzzy-Weak,1.2255,L-Proline,amino acid,-0.177,160.7,712.5,4.43,-3.69,True,descriptor,True,"OK — Fuzzy Zone, ternary estimate valid"
Aspirin,β-CD,Fuzzy-Weak,1.2255,L-Lysine,amino acid,-0.473,160.7,696.4,4.33,-3.63,True,descriptor,True,"OK — Fuzzy Zone, ternary estimate valid"
Aspirin,β-CD,Fuzzy-Weak,1.2255,L-Histidine,amino acid,-0.636,160.7,687.7,4.28,-3.6,True,descriptor,True,"OK — Fuzzy Zone, ternary estimate valid"
Aspirin,β-CD,Fuzzy-Weak,1.2255,Glycine,amino acid,-0.97,160.7,670.2,4.17,-3.54,True,descriptor,True,"OK — Fuzzy Zone, ternary estimate valid"
Aspirin,β-CD,Fuzzy-Weak,1.2255,Urea,hydrotrope,-0.976,160.7,669.8,4.17,-3.54,True,descriptor,True,"OK — Fuzzy Zone, ternary estimate valid"
Aspirin,β-CD,Fuzzy-Weak,1.2255,Caffeine,hydrotrope,-1.029,160.7,667.1,4.15,-3.53,True,descriptor,True,"OK — Fuzzy Zone, ternary estimate valid"
Aspirin,β-CD,Fuzzy-Weak,1.2255,L-Arginine,amino acid,-1.338,160.7,651.4,4.05,-3.47,True,descriptor,True,"OK — Fuzzy Zone, ternary estimate valid"
Aspirin,β-CD,Fuzzy-Weak,1.2255,L-Glutamine,amino acid,-1.336,160.7,651.5,4.05,-3.47,True,descriptor,True,"OK — Fuzzy Zone, ternary estimate valid"
Aspirin,β-CD,Fuzzy-Weak,1.2255,Triethanolamine,amine,-1.735,160.7,631.8,3.93,-3.39,True,descriptor,True,"OK — Fuzzy Zone, ternary estimate valid"
Aspirin,β-CD,Fuzzy-Weak,1.2255,Citric acid,organic acid,-1.888,160.7,624.4,3.88,-3.36,True,descriptor,True,"OK — Fuzzy Zone, ternary estimate valid"
Aspirin,β-CD,Fuzzy-Weak,1.2255,Tartaric acid,organic acid,-2.123,160.7,613.1,3.81,-3.32,True,descriptor,True,"OK — Fuzzy Zone, ternary estimate valid"
Aspirin,β-CD,Fuzzy-Weak,1.2255,Tromethamine,buffer amine,-2.339,160.7,603.0,3.75,-3.28,True,descriptor,True,"OK — Fuzzy Zone, ternary estimate valid"
Aspirin,β-CD,Fuzzy-Weak,1.2255,Meglumine,sugar amine,-3.619,160.7,546.3,3.4,-3.03,True,descriptor,True,"OK — Fuzzy Zone, ternary estimate valid"
Aspirin,β-CD,Fuzzy-Weak,1.2255,HPMC E5,polymer,polymer,160.7,657.4,4.09,-3.49,True,constant,True,"OK — Fuzzy Zone, ternary estimate valid"
Aspirin,β-CD,Fuzzy-Weak,1.2255,HPMC K15M,polymer,polymer,160.7,657.4,4.09,-3.49,True,constant,True,"OK — Fuzzy Zone, ternary estimate valid"
Aspirin,β-CD,Fuzzy-Weak,1.2255,PVP K30,polymer,polymer,160.7,657.4,4.09,-3.49,True,constant,True,"OK — Fuzzy Zone, ternary estimate valid"
Aspirin,β-CD,Fuzzy-Weak,1.2255,PEG 4000,polymer,polymer,160.7,657.4,4.09,-3.49,True,constant,True,"OK — Fuzzy Zone, ternary estimate valid"
Aspirin,β-CD,Fuzzy-Weak,1.2255,Poloxamer 188,polymer,polymer,160.7,657.4,4.09,-3.49,True,constant,True,"OK — Fuzzy Zone, ternary estimate valid"
Aspirin,γ-CD,Fuzzy-Weak,1.3242,Nicotinamide,hydrotrope,0.18,131.4,598.7,4.56,-3.76,True,descriptor,True,"OK — Fuzzy Zone, ternary estimate valid"
Aspirin,γ-CD,Fuzzy-Weak,1.3242,Succinic acid,organic acid,-0.064,131.4,587.5,4.47,-3.71,True,descriptor,True,"OK — Fuzzy Zone, ternary estimate valid"
Aspirin,γ-CD,Fuzzy-Weak,1.3242,L-Proline,amino acid,-0.177,131.4,582.4,4.43,-3.69,True,descriptor,True,"OK — Fuzzy Zone, ternary estimate valid"
Aspirin,γ-CD,Fuzzy-Weak,1.3242,L-Lysine,amino acid,-0.473,131.4,569.3,4.33,-3.63,True,descriptor,True,"OK — Fuzzy Zone, ternary estimate valid"
Aspirin,γ-CD,Fuzzy-Weak,1.3242,L-Histidine,amino acid,-0.636,131.4,562.2,4.28,-3.6,True,descriptor,True,"OK — Fuzzy Zone, ternary estimate valid"
Aspirin,γ-CD,Fuzzy-Weak,1.3242,Glycine,amino acid,-0.97,131.4,547.9,4.17,-3.54,True,descriptor,True,"OK — Fuzzy Zone, ternary estimate valid"
Aspirin,γ-CD,Fuzzy-Weak,1.3242,Urea,hydrotrope,-0.976,131.4,547.6,4.17,-3.54,True,descriptor,True,"OK — Fuzzy Zone, ternary estimate valid"
Aspirin,γ-CD,Fuzzy-Weak,1.3242,Caffeine,hydrotrope,-1.029,131.4,545.4,4.15,-3.53,True,descriptor,True,"OK — Fuzzy Zone, ternary estimate valid"
Aspirin,γ-CD,Fuzzy-Weak,1.3242,L-Arginine,amino acid,-1.338,131.4,532.5,4.05,-3.47,True,descriptor,True,"OK — Fuzzy Zone, ternary estimate valid"
Aspirin,γ-CD,Fuzzy-Weak,1.3242,L-Glutamine,amino acid,-1.336,131.4,532.6,4.05,-3.47,True,descriptor,True,"OK — Fuzzy Zone, ternary estimate valid"
Aspirin,γ-CD,Fuzzy-Weak,1.3242,Triethanolamine,amine,-1.735,131.4,516.5,3.93,-3.39,True,descriptor,True,"OK — Fuzzy Zone, ternary estimate valid"
Aspirin,γ-CD,Fuzzy-Weak,1.3242,Citric acid,organic acid,-1.888,131.4,510.4,3.88,-3.36,True,descriptor,True,"OK — Fuzzy Zone, ternary estimate valid"
Aspirin,γ-CD,Fuzzy-Weak,1.3242,Tartaric acid,organic acid,-2.123,131.4,501.3,3.81,-3.32,True,descriptor,True,"OK — Fuzzy Zone, ternary estimate valid"
Aspirin,γ-CD,Fuzzy-Weak,1.3242,Tromethamine,buffer amine,-2.339,131.4,492.9,3.75,-3.28,True,descriptor,True,"OK — Fuzzy Zone, ternary estimate valid"
Aspirin,γ-CD,Fuzzy-Weak,1.3242,Meglumine,sugar amine,-3.619,131.4,446.6,3.4,-3.03,True,descriptor,True,"OK — Fuzzy Zone, ternary estimate valid"
Aspirin,γ-CD,Fuzzy-Weak,1.3242,HPMC E5,polymer,polymer,131.4,537.4,4.09,-3.49,True,constant,True,"OK — Fuzzy Zone, ternary estimate valid"
Aspirin,γ-CD,Fuzzy-Weak,1.3242,HPMC K15M,polymer,polymer,131.4,537.4,4.09,-3.49,True,constant,True,"OK — Fuzzy Zone, ternary estimate valid"
Aspirin,γ-CD,Fuzzy-Weak,1.3242,PVP K30,polymer,polymer,131.4,537.4,4.09,-3.49,True,constant,True,"OK — Fuzzy Zone, ternary estimate valid"
Aspirin,γ-CD,Fuzzy-Weak,1.3242,PEG 4000,polymer,polymer,131.4,537.4,4.09,-3.49,True,constant,True,"OK — Fuzzy Zone, ternary estimate valid"
Aspirin,γ-CD,Fuzzy-Weak,1.3242,Poloxamer 188,polymer,polymer,131.4,537.4,4.09,-3.49,True,constant,True,"OK — Fuzzy Zone, ternary estimate valid"
Aspirin,HP-β-CD,Weak (High conf),1.7002,Nicotinamide,hydrotrope,0.18,61.0,277.9,4.56,-3.76,True,descriptor,False,"SKIP — Weak (High conf): K<100, drug-CD mismatch, coformer ineffective"
Aspirin,HP-β-CD,Weak (High conf),1.7002,Succinic acid,organic acid,-0.064,61.0,272.7,4.47,-3.71,True,descriptor,False,"SKIP — Weak (High conf): K<100, drug-CD mismatch, coformer ineffective"
Aspirin,HP-β-CD,Weak (High conf),1.7002,L-Proline,amino acid,-0.177,61.0,270.3,4.43,-3.69,True,descriptor,False,"SKIP — Weak (High conf): K<100, drug-CD mismatch, coformer ineffective"
Aspirin,HP-β-CD,Weak (High conf),1.7002,L-Lysine,amino acid,-0.473,61.0,264.2,4.33,-3.63,True,descriptor,False,"SKIP — Weak (High conf): K<100, drug-CD mismatch, coformer ineffective"
Aspirin,HP-β-CD,Weak (High conf),1.7002,L-Histidine,amino acid,-0.636,61.0,260.9,4.28,-3.6,True,descriptor,False,"SKIP — Weak (High conf): K<100, drug-CD mismatch, coformer ineffective"
Aspirin,HP-β-CD,Weak (High conf),1.7002,Glycine,amino acid,-0.97,61.0,254.3,4.17,-3.54,True,descriptor,False,"SKIP — Weak (High conf): K<100, drug-CD mismatch, coformer ineffective"
Aspirin,HP-β-CD,Weak (High conf),1.7002,Urea,hydrotrope,-0.976,61.0,254.2,4.17,-3.54,True,descriptor,False,"SKIP — Weak (High conf): K<100, drug-CD mismatch, coformer ineffective"
Aspirin,HP-β-CD,Weak (High conf),1.7002,Caffeine,hydrotrope,-1.029,61.0,253.1,4.15,-3.53,True,descriptor,False,"SKIP — Weak (High conf): K<100, drug-CD mismatch, coformer ineffective"
Aspirin,HP-β-CD,Weak (High conf),1.7002,L-Arginine,amino acid,-1.338,61.0,247.2,4.05,-3.47,True,descriptor,False,"SKIP — Weak (High conf): K<100, drug-CD mismatch, coformer ineffective"
Aspirin,HP-β-CD,Weak (High conf),1.7002,L-Glutamine,amino acid,-1.336,61.0,247.2,4.05,-3.47,True,descriptor,False,"SKIP — Weak (High conf): K<100, drug-CD mismatch, coformer ineffective"
Aspirin,HP-β-CD,Weak (High conf),1.7002,Triethanolamine,amine,-1.735,61.0,239.7,3.93,-3.39,True,descriptor,False,"SKIP — Weak (High conf): K<100, drug-CD mismatch, coformer ineffective"
Aspirin,HP-β-CD,Weak (High conf),1.7002,Citric acid,organic acid,-1.888,61.0,236.9,3.88,-3.36,True,descriptor,False,"SKIP — Weak (High conf): K<100, drug-CD mismatch, coformer ineffective"
Aspirin,HP-β-CD,Weak (High conf),1.7002,Tartaric acid,organic acid,-2.123,61.0,232.7,3.81,-3.32,True,descriptor,False,"SKIP — Weak (High conf): K<100, drug-CD mismatch, coformer ineffective"
Aspirin,HP-β-CD,Weak (High conf),1.7002,Tromethamine,buffer amine,-2.339,61.0,228.8,3.75,-3.28,True,descriptor,False,"SKIP — Weak (High conf): K<100, drug-CD mismatch, coformer ineffective"
Aspirin,HP-β-CD,Weak (High conf),1.7002,Meglumine,sugar amine,-3.619,61.0,207.3,3.4,-3.03,True,descriptor,False,"SKIP — Weak (High conf): K<100, drug-CD mismatch, coformer ineffective"
Aspirin,HP-β-CD,Weak (High conf),1.7002,HPMC E5,polymer,polymer,61.0,249.5,4.09,-3.49,True,constant,False,"SKIP — Weak (High conf): K<100, drug-CD mismatch, coformer ineffective"
Aspirin,HP-β-CD,Weak (High conf),1.7002,HPMC K15M,polymer,polymer,61.0,249.5,4.09,-3.49,True,constant,False,"SKIP — Weak (High conf): K<100, drug-CD mismatch, coformer ineffective"
Aspirin,HP-β-CD,Weak (High conf),1.7002,PVP K30,polymer,polymer,61.0,249.5,4.09,-3.49,True,constant,False,"SKIP — Weak (High conf): K<100, drug-CD mismatch, coformer ineffective"
Aspirin,HP-β-CD,Weak (High conf),1.7002,PEG 4000,polymer,polymer,61.0,249.5,4.09,-3.49,True,constant,False,"SKIP — Weak (High conf): K<100, drug-CD mismatch, coformer ineffective"
Aspirin,HP-β-CD,Weak (High conf),1.7002,Poloxamer 188,polymer,polymer,61.0,249.5,4.09,-3.49,True,constant,False,"SKIP — Weak (High conf): K<100, drug-CD mismatch, coformer ineffective"
Paracetamol,α-CD,Fuzzy-Weak,1.433,Nicotinamide,hydrotrope,0.18,105.2,479.5,4.56,-3.76,True,descriptor,True,"OK — Fuzzy Zone, ternary estimate valid"
Paracetamol,α-CD,Fuzzy-Weak,1.433,Succinic acid,organic acid,-0.064,105.2,470.5,4.47,-3.71,True,descriptor,True,"OK — Fuzzy Zone, ternary estimate valid"
Paracetamol,α-CD,Fuzzy-Weak,1.433,L-Proline,amino acid,-0.177,105.2,466.4,4.43,-3.69,True,descriptor,True,"OK — Fuzzy Zone, ternary estimate valid"
Paracetamol,α-CD,Fuzzy-Weak,1.433,L-Lysine,amino acid,-0.473,105.2,455.9,4.33,-3.63,True,descriptor,True,"OK — Fuzzy Zone, ternary estimate valid"
Paracetamol,α-CD,Fuzzy-Weak,1.433,L-Histidine,amino acid,-0.636,105.2,450.2,4.28,-3.6,True,descriptor,True,"OK — Fuzzy Zone, ternary estimate valid"
Paracetamol,α-CD,Fuzzy-Weak,1.433,Glycine,amino acid,-0.97,105.2,438.8,4.17,-3.54,True,descriptor,True,"OK — Fuzzy Zone, ternary estimate valid"
Paracetamol,α-CD,Fuzzy-Weak,1.433,Urea,hydrotrope,-0.976,105.2,438.6,4.17,-3.54,True,descriptor,True,"OK — Fuzzy Zone, ternary estimate valid"
Paracetamol,α-CD,Fuzzy-Weak,1.433,Caffeine,hydrotrope,-1.029,105.2,436.8,4.15,-3.53,True,descriptor,True,"OK — Fuzzy Zone, ternary estimate valid"
Paracetamol,α-CD,Fuzzy-Weak,1.433,L-Arginine,amino acid,-1.338,105.2,426.5,4.05,-3.47,True,descriptor,True,"OK — Fuzzy Zone, ternary estimate valid"
Paracetamol,α-CD,Fuzzy-Weak,1.433,L-Glutamine,amino acid,-1.336,105.2,426.5,4.05,-3.47,True,descriptor,True,"OK — Fuzzy Zone, ternary estimate valid"
Paracetamol,α-CD,Fuzzy-Weak,1.433,Triethanolamine,amine,-1.735,105.2,413.6,3.93,-3.39,True,descriptor,True,"OK — Fuzzy Zone, ternary estimate valid"
Paracetamol,α-CD,Fuzzy-Weak,1.433,Citric acid,organic acid,-1.888,105.2,408.8,3.88,-3.36,True,descriptor,True,"OK — Fuzzy Zone, ternary estimate valid"
Paracetamol,α-CD,Fuzzy-Weak,1.433,Tartaric acid,organic acid,-2.123,105.2,401.4,3.81,-3.32,True,descriptor,True,"OK — Fuzzy Zone, ternary estimate valid"
Paracetamol,α-CD,Fuzzy-Weak,1.433,Tromethamine,buffer amine,-2.339,105.2,394.8,3.75,-3.28,True,descriptor,True,"OK — Fuzzy Zone, ternary estimate valid"
Paracetamol,α-CD,Fuzzy-Weak,1.433,Meglumine,sugar amine,-3.619,105.2,357.7,3.4,-3.03,True,descriptor,True,"OK — Fuzzy Zone, ternary estimate valid"
Paracetamol,α-CD,Fuzzy-Weak,1.433,HPMC E5,polymer,polymer,105.2,430.4,4.09,-3.49,True,constant,True,"OK — Fuzzy Zone, ternary estimate valid"
Paracetamol,α-CD,Fuzzy-Weak,1.433,HPMC K15M,polymer,polymer,105.2,430.4,4.09,-3.49,True,constant,True,"OK — Fuzzy Zone, ternary estimate valid"
Paracetamol,α-CD,Fuzzy-Weak,1.433,PVP K30,polymer,polymer,105.2,430.4,4.09,-3.49,True,constant,True,"OK — Fuzzy Zone, ternary estimate valid"
Paracetamol,α-CD,Fuzzy-Weak,1.433,PEG 4000,polymer,polymer,105.2,430.4,4.09,-3.49,True,constant,True,"OK — Fuzzy Zone, ternary estimate valid"
Paracetamol,α-CD,Fuzzy-Weak,1.433,Poloxamer 188,polymer,polymer,105.2,430.4,4.09,-3.49,True,constant,True,"OK — Fuzzy Zone, ternary estimate valid"
Paracetamol,β-CD,Fuzzy-Weak,1.3169,Nicotinamide,hydrotrope,0.18,133.4,607.7,4.56,-3.76,True,descriptor,True,"OK — Fuzzy Zone, ternary estimate valid"
Paracetamol,β-CD,Fuzzy-Weak,1.3169,Succinic acid,organic acid,-0.064,133.4,596.4,4.47,-3.71,True,descriptor,True,"OK — Fuzzy Zone, ternary estimate valid"
Paracetamol,β-CD,Fuzzy-Weak,1.3169,L-Proline,amino acid,-0.177,133.4,591.2,4.43,-3.69,True,descriptor,True,"OK — Fuzzy Zone, ternary estimate valid"
Paracetamol,β-CD,Fuzzy-Weak,1.3169,L-Lysine,amino acid,-0.473,133.4,577.9,4.33,-3.63,True,descriptor,True,"OK — Fuzzy Zone, ternary estimate valid"
Paracetamol,β-CD,Fuzzy-Weak,1.3169,L-Histidine,amino acid,-0.636,133.4,570.6,4.28,-3.6,True,descriptor,True,"OK — Fuzzy Zone, ternary estimate valid"
Paracetamol,β-CD,Fuzzy-Weak,1.3169,Glycine,amino acid,-0.97,133.4,556.1,4.17,-3.54,True,descriptor,True,"OK — Fuzzy Zone, ternary estimate valid"
Paracetamol,β-CD,Fuzzy-Weak,1.3169,Urea,hydrotrope,-0.976,133.4,555.8,4.17,-3.54,True,descriptor,True,"OK — Fuzzy Zone, ternary estimate valid"
Paracetamol,β-CD,Fuzzy-Weak,1.3169,Caffeine,hydrotrope,-1.029,133.4,553.6,4.15,-3.53,True,descriptor,True,"OK — Fuzzy Zone, ternary estimate valid"
Paracetamol,β-CD,Fuzzy-Weak,1.3169,L-Arginine,amino acid,-1.338,133.4,540.5,4.05,-3.47,True,descriptor,True,"OK — Fuzzy Zone, ternary estimate valid"
Paracetamol,β-CD,Fuzzy-Weak,1.3169,L-Glutamine,amino acid,-1.336,133.4,540.6,4.05,-3.47,True,descriptor,True,"OK — Fuzzy Zone, ternary estimate valid"
Paracetamol,β-CD,Fuzzy-Weak,1.3169,Triethanolamine,amine,-1.735,133.4,524.2,3.93,-3.39,True,descriptor,True,"OK — Fuzzy Zone, ternary estimate valid"
Paracetamol,β-CD,Fuzzy-Weak,1.3169,Citric acid,organic acid,-1.888,133.4,518.1,3.88,-3.36,True,descriptor,True,"OK — Fuzzy Zone, ternary estimate valid"
Paracetamol,β-CD,Fuzzy-Weak,1.3169,Tartaric acid,organic acid,-2.123,133.4,508.8,3.81,-3.32,True,descriptor,True,"OK — Fuzzy Zone, ternary estimate valid"
Paracetamol,β-CD,Fuzzy-Weak,1.3169,Tromethamine,buffer amine,-2.339,133.4,500.3,3.75,-3.28,True,descriptor,True,"OK — Fuzzy Zone, ternary estimate valid"
Paracetamol,β-CD,Fuzzy-Weak,1.3169,Meglumine,sugar amine,-3.619,133.4,453.3,3.4,-3.03,True,descriptor,True,"OK — Fuzzy Zone, ternary estimate valid"
Paracetamol,β-CD,Fuzzy-Weak,1.3169,HPMC E5,polymer,polymer,133.4,545.5,4.09,-3.49,True,constant,True,"OK — Fuzzy Zone, ternary estimate valid"
Paracetamol,β-CD,Fuzzy-Weak,1.3169,HPMC K15M,polymer,polymer,133.4,545.5,4.09,-3.49,True,constant,True,"OK — Fuzzy Zone, ternary estimate valid"
Paracetamol,β-CD,Fuzzy-Weak,1.3169,PVP K30,polymer,polymer,133.4,545.5,4.09,-3.49,True,constant,True,"OK — Fuzzy Zone, ternary estimate valid"
Paracetamol,β-CD,Fuzzy-Weak,1.3169,PEG 4000,polymer,polymer,133.4,545.5,4.09,-3.49,True,constant,True,"OK — Fuzzy Zone, ternary estimate valid"
Paracetamol,β-CD,Fuzzy-Weak,1.3169,Poloxamer 188,polymer,polymer,133.4,545.5,4.09,-3.49,True,constant,True,"OK — Fuzzy Zone, ternary estimate valid"
Paracetamol,γ-CD,Fuzzy-Weak,1.1204,Nicotinamide,hydrotrope,0.18,199.2,907.6,4.56,-3.76,True,descriptor,True,"OK — Fuzzy Zone, ternary estimate valid"
Paracetamol,γ-CD,Fuzzy-Weak,1.1204,Succinic acid,organic acid,-0.064,199.2,890.7,4.47,-3.71,True,descriptor,True,"OK — Fuzzy Zone, ternary estimate valid"
Paracetamol,γ-CD,Fuzzy-Weak,1.1204,L-Proline,amino acid,-0.177,199.2,882.9,4.43,-3.69,True,descriptor,True,"OK — Fuzzy Zone, ternary estimate valid"
Paracetamol,γ-CD,Fuzzy-Weak,1.1204,L-Lysine,amino acid,-0.473,199.2,863.0,4.33,-3.63,True,descriptor,True,"OK — Fuzzy Zone, ternary estimate valid"
Paracetamol,γ-CD,Fuzzy-Weak,1.1204,L-Histidine,amino acid,-0.636,199.2,852.2,4.28,-3.6,True,descriptor,True,"OK — Fuzzy Zone, ternary estimate valid"
Paracetamol,γ-CD,Fuzzy-Weak,1.1204,Glycine,amino acid,-0.97,199.2,830.5,4.17,-3.54,True,descriptor,True,"OK — Fuzzy Zone, ternary estimate valid"
Paracetamol,γ-CD,Fuzzy-Weak,1.1204,Urea,hydrotrope,-0.976,199.2,830.1,4.17,-3.54,True,descriptor,True,"OK — Fuzzy Zone, ternary estimate valid"
Paracetamol,γ-CD,Fuzzy-Weak,1.1204,Caffeine,hydrotrope,-1.029,199.2,826.7,4.15,-3.53,True,descriptor,True,"OK — Fuzzy Zone, ternary estimate valid"
Paracetamol,γ-CD,Fuzzy-Weak,1.1204,L-Arginine,amino acid,-1.338,199.2,807.3,4.05,-3.47,True,descriptor,True,"OK — Fuzzy Zone, ternary estimate valid"
Paracetamol,γ-CD,Fuzzy-Weak,1.1204,L-Glutamine,amino acid,-1.336,199.2,807.4,4.05,-3.47,True,descriptor,True,"OK — Fuzzy Zone, ternary estimate valid"
Paracetamol,γ-CD,Fuzzy-Weak,1.1204,Triethanolamine,amine,-1.735,199.2,782.9,3.93,-3.39,True,descriptor,True,"OK — Fuzzy Zone, ternary estimate valid"
Paracetamol,γ-CD,Fuzzy-Weak,1.1204,Citric acid,organic acid,-1.888,199.2,773.8,3.88,-3.36,True,descriptor,True,"OK — Fuzzy Zone, ternary estimate valid"
Paracetamol,γ-CD,Fuzzy-Weak,1.1204,Tartaric acid,organic acid,-2.123,199.2,759.9,3.81,-3.32,True,descriptor,True,"OK — Fuzzy Zone, ternary estimate valid"
Paracetamol,γ-CD,Fuzzy-Weak,1.1204,Tromethamine,buffer amine,-2.339,199.2,747.3,3.75,-3.28,True,descriptor,True,"OK — Fuzzy Zone, ternary estimate valid"
Paracetamol,γ-CD,Fuzzy-Weak,1.1204,Meglumine,sugar amine,-3.619,199.2,677.0,3.4,-3.03,True,descriptor,True,"OK — Fuzzy Zone, ternary estimate valid"
Paracetamol,γ-CD,Fuzzy-Weak,1.1204,HPMC E5,polymer,polymer,199.2,814.7,4.09,-3.49,True,constant,True,"OK — Fuzzy Zone, ternary estimate valid"
Paracetamol,γ-CD,Fuzzy-Weak,1.1204,HPMC K15M,polymer,polymer,199.2,814.7,4.09,-3.49,True,constant,True,"OK — Fuzzy Zone, ternary estimate valid"
Paracetamol,γ-CD,Fuzzy-Weak,1.1204,PVP K30,polymer,polymer,199.2,814.7,4.09,-3.49,True,constant,True,"OK — Fuzzy Zone, ternary estimate valid"
Paracetamol,γ-CD,Fuzzy-Weak,1.1204,PEG 4000,polymer,polymer,199.2,814.7,4.09,-3.49,True,constant,True,"OK — Fuzzy Zone, ternary estimate valid"
Paracetamol,γ-CD,Fuzzy-Weak,1.1204,Poloxamer 188,polymer,polymer,199.2,814.7,4.09,-3.49,True,constant,True,"OK — Fuzzy Zone, ternary estimate valid"
Paracetamol,HP-β-CD,Weak (High conf),1.9032,Nicotinamide,hydrotrope,0.18,40.3,183.6,4.56,-3.76,True,descriptor,False,"SKIP — Weak (High conf): K<100, drug-CD mismatch, coformer ineffective"
Paracetamol,HP-β-CD,Weak (High conf),1.9032,Succinic acid,organic acid,-0.064,40.3,180.2,4.47,-3.71,True,descriptor,False,"SKIP — Weak (High conf): K<100, drug-CD mismatch, coformer ineffective"
Paracetamol,HP-β-CD,Weak (High conf),1.9032,L-Proline,amino acid,-0.177,40.3,178.6,4.43,-3.69,True,descriptor,False,"SKIP — Weak (High conf): K<100, drug-CD mismatch, coformer ineffective"
Paracetamol,HP-β-CD,Weak (High conf),1.9032,L-Lysine,amino acid,-0.473,40.3,174.6,4.33,-3.63,True,descriptor,False,"SKIP — Weak (High conf): K<100, drug-CD mismatch, coformer ineffective"
Paracetamol,HP-β-CD,Weak (High conf),1.9032,L-Histidine,amino acid,-0.636,40.3,172.4,4.28,-3.6,True,descriptor,False,"SKIP — Weak (High conf): K<100, drug-CD mismatch, coformer ineffective"
Paracetamol,HP-β-CD,Weak (High conf),1.9032,Glycine,amino acid,-0.97,40.3,168.0,4.17,-3.54,True,descriptor,False,"SKIP — Weak (High conf): K<100, drug-CD mismatch, coformer ineffective"
Paracetamol,HP-β-CD,Weak (High conf),1.9032,Urea,hydrotrope,-0.976,40.3,167.9,4.17,-3.54,True,descriptor,False,"SKIP — Weak (High conf): K<100, drug-CD mismatch, coformer ineffective"
Paracetamol,HP-β-CD,Weak (High conf),1.9032,Caffeine,hydrotrope,-1.029,40.3,167.3,4.15,-3.53,True,descriptor,False,"SKIP — Weak (High conf): K<100, drug-CD mismatch, coformer ineffective"
Paracetamol,HP-β-CD,Weak (High conf),1.9032,L-Arginine,amino acid,-1.338,40.3,163.3,4.05,-3.47,True,descriptor,False,"SKIP — Weak (High conf): K<100, drug-CD mismatch, coformer ineffective"
Paracetamol,HP-β-CD,Weak (High conf),1.9032,L-Glutamine,amino acid,-1.336,40.3,163.3,4.05,-3.47,True,descriptor,False,"SKIP — Weak (High conf): K<100, drug-CD mismatch, coformer ineffective"
Paracetamol,HP-β-CD,Weak (High conf),1.9032,Triethanolamine,amine,-1.735,40.3,158.4,3.93,-3.39,True,descriptor,False,"SKIP — Weak (High conf): K<100, drug-CD mismatch, coformer ineffective"
Paracetamol,HP-β-CD,Weak (High conf),1.9032,Citric acid,organic acid,-1.888,40.3,156.5,3.88,-3.36,True,descriptor,False,"SKIP — Weak (High conf): K<100, drug-CD mismatch, coformer ineffective"
Paracetamol,HP-β-CD,Weak (High conf),1.9032,Tartaric acid,organic acid,-2.123,40.3,153.7,3.81,-3.32,True,descriptor,False,"SKIP — Weak (High conf): K<100, drug-CD mismatch, coformer ineffective"
Paracetamol,HP-β-CD,Weak (High conf),1.9032,Tromethamine,buffer amine,-2.339,40.3,151.2,3.75,-3.28,True,descriptor,False,"SKIP — Weak (High conf): K<100, drug-CD mismatch, coformer ineffective"
Paracetamol,HP-β-CD,Weak (High conf),1.9032,Meglumine,sugar amine,-3.619,40.3,137.0,3.4,-3.03,True,descriptor,False,"SKIP — Weak (High conf): K<100, drug-CD mismatch, coformer ineffective"
Paracetamol,HP-β-CD,Weak (High conf),1.9032,HPMC E5,polymer,polymer,40.3,164.8,4.09,-3.49,True,constant,False,"SKIP — Weak (High conf): K<100, drug-CD mismatch, coformer ineffective"
Paracetamol,HP-β-CD,Weak (High conf),1.9032,HPMC K15M,polymer,polymer,40.3,164.8,4.09,-3.49,True,constant,False,"SKIP — Weak (High conf): K<100, drug-CD mismatch, coformer ineffective"
Paracetamol,HP-β-CD,Weak (High conf),1.9032,PVP K30,polymer,polymer,40.3,164.8,4.09,-3.49,True,constant,False,"SKIP — Weak (High conf): K<100, drug-CD mismatch, coformer ineffective"
Paracetamol,HP-β-CD,Weak (High conf),1.9032,PEG 4000,polymer,polymer,40.3,164.8,4.09,-3.49,True,constant,False,"SKIP — Weak (High conf): K<100, drug-CD mismatch, coformer ineffective"
Paracetamol,HP-β-CD,Weak (High conf),1.9032,Poloxamer 188,polymer,polymer,40.3,164.8,4.09,-3.49,True,constant,False,"SKIP — Weak (High conf): K<100, drug-CD mismatch, coformer ineffective"
